fullName,userName,email,password,roleId
User1 Name,user1,user1@example.com,FVr1@&Bfy0UW,2
User2 Name,user2,user2@example.com,RP$o$1I9STL*,3
User3 Name,user3,user3@example.com,o%630VNz0Vx$,3
User4 Name,user4,user4@example.com,csQBHC%fR%@0,3
User5 Name,user5,user5@example.com,l**#ilTLeg7K,2
User6 Name,user6,user6@example.com,K3b6W7#mdwjs,2
User7 Name,user7,user7@example.com,gM0V4FBc*2PT,3
User8 Name,user8,user8@example.com,BW3xW6cMF2Q#,3
User9 Name,user9,user9@example.com,&wUOES5vWb%O,1
User10 Name,user10,user10@example.com,$0cyAF7uELzI,3
User11 Name,user11,user11@example.com,hGRl2IoxQ%2Q,1
User12 Name,user12,user12@example.com,7kkKkBT0QBt$,2
User13 Name,user13,user13@example.com,WaXb8n2P&XmD,3
User14 Name,user14,user14@example.com,qu&ozv3J@TSA,3
User15 Name,user15,user15@example.com,q011FmcWTY&N,2
User16 Name,user16,user16@example.com,0%#cc$%xqE76,3
User17 Name,user17,user17@example.com,sir#bABrP0%Y,3
User18 Name,user18,user18@example.com,Tzs*fy20$6S5,3
User19 Name,user19,user19@example.com,AyM%fYPEi2V#,1
User20 Name,user20,user20@example.com,1cOBdS4f%Jf@,3
User21 Name,user21,user21@example.com,g95gVh*0$Jjc,3
User22 Name,user22,user22@example.com,$wkw8r3Lt2RT,2
User23 Name,user23,user23@example.com,%KK$jIbS39r@,2
User24 Name,user24,user24@example.com,Llc$*pJI2yKl,2
User25 Name,user25,user25@example.com,1jd#P848WVOk,3
User26 Name,user26,user26@example.com,ide4*S2Tg7yg,1
User27 Name,user27,user27@example.com,mUJ3rrc0UA#E,1
User28 Name,user28,user28@example.com,$MJn1JVuJFcK,1
User29 Name,user29,user29@example.com,P61c9C&UhMyF,3
User30 Name,user30,user30@example.com,7&8vrV3@FTXp,3
User31 Name,user31,user31@example.com,gQ&0HH2Q#jtg,1
User32 Name,user32,user32@example.com,SaTx4#eF#&Rj,3
User33 Name,user33,user33@example.com,VzS1$2lKOF&a,3
User34 Name,user34,user34@example.com,v0UvINiQl&MZ,1
User35 Name,user35,user35@example.com,gasf06X%nxz9,3
User36 Name,user36,user36@example.com,yQJSLXH#86gk,1
User37 Name,user37,user37@example.com,rY$Ac2O6Z5%n,1
User38 Name,user38,user38@example.com,f2eVd*2NOjW1,3
User39 Name,user39,user39@example.com,KH2#vny&gWRu,1
User40 Name,user40,user40@example.com,Lq@EQT3Y*ztF,1
User41 Name,user41,user41@example.com,tfp$9ZqMuW*R,2
User42 Name,user42,user42@example.com,zY7y@M5ycbIG,3
User43 Name,user43,user43@example.com,fEQYhb#W*8cc,3
User44 Name,user44,user44@example.com,N74U5wOpl&%0,2
User45 Name,user45,user45@example.com,3pItXuQ$#FaD,3
User46 Name,user46,user46@example.com,%Oe#74F5Xo2$,3
User47 Name,user47,user47@example.com,XsUXh9c29%*O,3
User48 Name,user48,user48@example.com,ZFtqQS33z@dF,2
User49 Name,user49,user49@example.com,SCi&3Sl8e32d,1
User50 Name,user50,user50@example.com,I&Dq#S@UDP3N,1
User51 Name,user51,user51@example.com,5eM8g2D#wEBH,3
User52 Name,user52,user52@example.com,pg*P7$WOD4v9,3
User53 Name,user53,user53@example.com,352u*l0p*Aj9,1
User54 Name,user54,user54@example.com,wjA5r88I@P5f,2
User55 Name,user55,user55@example.com,wth*SWwRC6z$,1
User56 Name,user56,user56@example.com,vN##8C4q8Xa6,1
User57 Name,user57,user57@example.com,r$rkZ9jscu%u,2
User58 Name,user58,user58@example.com,F%1%yuCdOgu#,2
User59 Name,user59,user59@example.com,qU#0DJ0n5F&3,1
User60 Name,user60,user60@example.com,#sq2ZQOx&C$J,1
User61 Name,user61,user61@example.com,GypT#@k5A1oK,1
User62 Name,user62,user62@example.com,#XCp&brY2S@t,3
User63 Name,user63,user63@example.com,9u9yXan*j%Zc,2
User64 Name,user64,user64@example.com,&76No@aHKE0R,3
User65 Name,user65,user65@example.com,jw*$*ZX@s0Ne,2
User66 Name,user66,user66@example.com,M1JaI@&PrJ1F,1
User67 Name,user67,user67@example.com,5BjfGRnTz#Z&,1
User68 Name,user68,user68@example.com,WAZ4%rG$y8Me,1
User69 Name,user69,user69@example.com,eoi6yi4MuC*#,2
User70 Name,user70,user70@example.com,impO$s3bc%o2,2
User71 Name,user71,user71@example.com,Jaa8YU#Tu1yF,3
User72 Name,user72,user72@example.com,0QfkLvwd$FZW,3
User73 Name,user73,user73@example.com,0rn6ISA$H&7q,1
User74 Name,user74,user74@example.com,85u5RHsD@Fk&,1
User75 Name,user75,user75@example.com,fwTbyqPF#6Nf,3
User76 Name,user76,user76@example.com,@hT#99bsAZ5Q,1
User77 Name,user77,user77@example.com,es8QPX@A@Lud,3
User78 Name,user78,user78@example.com,TI&Mvr$vJoB4,2
User79 Name,user79,user79@example.com,kn0lSvo@5FVc,1
User80 Name,user80,user80@example.com,sQte5o8T5@iu,2
User81 Name,user81,user81@example.com,omDl%WCyd21f,1
User82 Name,user82,user82@example.com,aixj&aR8UVf&,1
User83 Name,user83,user83@example.com,%Yn#a7ZA&6Fv,3
User84 Name,user84,user84@example.com,D@s9nAuMyj&f,2
User85 Name,user85,user85@example.com,EZ@K%W*RR0*w,3
User86 Name,user86,user86@example.com,%u2K6AZDs23p,3
User87 Name,user87,user87@example.com,&GOqk4U15cVK,1
User88 Name,user88,user88@example.com,4lJLK6#kIUSE,3
User89 Name,user89,user89@example.com,ETgfnlJ2njs*,3
User90 Name,user90,user90@example.com,9YWl&U4vXsec,2
User91 Name,user91,user91@example.com,H6BkvOXFn3#M,3
User92 Name,user92,user92@example.com,#SIFrMd5C9r%,3
User93 Name,user93,user93@example.com,jo8@w3gfG@qH,1
User94 Name,user94,user94@example.com,TTsB&92PLrNN,3
User95 Name,user95,user95@example.com,p4YGBNx@HS4F,1
User96 Name,user96,user96@example.com,ff7$4B1xS@pF,1
User97 Name,user97,user97@example.com,sr*qbUZPNgq5,3
User98 Name,user98,user98@example.com,mLKvBpbW4B@0,3
User99 Name,user99,user99@example.com,xI3GkdY#*egH,2
User100 Name,user100,user100@example.com,XdM3To@v3IMm,3
User101 Name,user101,user101@example.com,$6W4WPw&RX06,2
User102 Name,user102,user102@example.com,YgL6h@B#0W6$,3
User103 Name,user103,user103@example.com,1bk@XIMX5Bm4,2
User104 Name,user104,user104@example.com,K9XjS88eY0@d,1
User105 Name,user105,user105@example.com,*4kzIQC&iq&%,1
User106 Name,user106,user106@example.com,#HqW8YS6N&q*,1
User107 Name,user107,user107@example.com,W8PrRa&vLE68,1
User108 Name,user108,user108@example.com,dISj@3z8ddkJ,2
User109 Name,user109,user109@example.com,#Zvk0%Zv5A0G,2
User110 Name,user110,user110@example.com,##rx5O2&dWHs,1
User111 Name,user111,user111@example.com,NN3R%r*K%rBf,2
User112 Name,user112,user112@example.com,rZC4G7DRT@$#,3
User113 Name,user113,user113@example.com,rFHih4OY40G%,3
User114 Name,user114,user114@example.com,gn3TX0s@aVBf,3
User115 Name,user115,user115@example.com,7Hofa&1mG3Qq,3
User116 Name,user116,user116@example.com,6#Sn7OZF9xo3,2
User117 Name,user117,user117@example.com,HBoIw0#y3G&n,1
User118 Name,user118,user118@example.com,YW@IpSWx*7A1,2
User119 Name,user119,user119@example.com,F6gf%z3b#DQj,3
User120 Name,user120,user120@example.com,tt$g@xPGH5k6,3
User121 Name,user121,user121@example.com,FzK3m3A&&g7x,3
User122 Name,user122,user122@example.com,0pQ$&Lez8r4N,3
User123 Name,user123,user123@example.com,H4Nl9e#7I1wg,2
User124 Name,user124,user124@example.com,b*Hyfqu3R0&h,3
User125 Name,user125,user125@example.com,mu*XXo2DEfdR,3
User126 Name,user126,user126@example.com,k$a0rXy$Ah%3,1
User127 Name,user127,user127@example.com,*gWEhSv8gFl*,2
User128 Name,user128,user128@example.com,w2xjdWk%C0&p,1
User129 Name,user129,user129@example.com,Gu#$0sUm5M9O,3
User130 Name,user130,user130@example.com,CmC$lPonfp73,3
User131 Name,user131,user131@example.com,*HSy3h4%ckBI,3
User132 Name,user132,user132@example.com,hpp$3VoE#XdL,3
User133 Name,user133,user133@example.com,Z5Q@jfH#dmmD,2
User134 Name,user134,user134@example.com,UsfPKJL*9$8w,2
User135 Name,user135,user135@example.com,g%0TX4xOI4MH,3
User136 Name,user136,user136@example.com,t5ngSA2$7Sbi,1
User137 Name,user137,user137@example.com,87eP*xXD#$C0,2
User138 Name,user138,user138@example.com,6#Rpl#13u2Zj,3
User139 Name,user139,user139@example.com,3GT*B0q*LJat,1
User140 Name,user140,user140@example.com,hk1ZJ7r%9Pcq,1
User141 Name,user141,user141@example.com,uTiVI*gN65yv,3
User142 Name,user142,user142@example.com,yEvTm3FQS&em,2
User143 Name,user143,user143@example.com,3AyWl@$qDQ4H,1
User144 Name,user144,user144@example.com,RHCAI7%6ZMBb,3
User145 Name,user145,user145@example.com,rU7#k&5clZnG,1
User146 Name,user146,user146@example.com,sx2paCu6KE@F,1
User147 Name,user147,user147@example.com,x9mIw$wVtIyp,3
User148 Name,user148,user148@example.com,1uycZ8JGl*eK,1
User149 Name,user149,user149@example.com,eR04K@6fOWPq,2
User150 Name,user150,user150@example.com,1cz#Epa0f#E0,3
User151 Name,user151,user151@example.com,V%PXp#pB10Tr,3
User152 Name,user152,user152@example.com,EE&P5oS5uf0M,1
User153 Name,user153,user153@example.com,gw0Cs2#GwN2g,3
User154 Name,user154,user154@example.com,R6@HvW2fzlzO,3
User155 Name,user155,user155@example.com,okv5F7kIy&Hc,1
User156 Name,user156,user156@example.com,Xn6QtIY&#$oG,1
User157 Name,user157,user157@example.com,RTMg8l5*P%eo,1
User158 Name,user158,user158@example.com,oMjbNbPnS3#0,3
User159 Name,user159,user159@example.com,*F32u%@m&mA0,3
User160 Name,user160,user160@example.com,c0ZP#aKDj2@d,1
User161 Name,user161,user161@example.com,W%A65kJTaaG*,3
User162 Name,user162,user162@example.com,tu@$10GYBfza,1
User163 Name,user163,user163@example.com,HIYh19R@RrvW,3
User164 Name,user164,user164@example.com,X5uMJobd$*l4,2
User165 Name,user165,user165@example.com,7D$3nI7O#FQI,3
User166 Name,user166,user166@example.com,&7jI&CtwjN@w,2
User167 Name,user167,user167@example.com,477paNWWM%1*,2
User168 Name,user168,user168@example.com,vYW9trDwan%%,3
User169 Name,user169,user169@example.com,jL1IG4bmo%v4,2
User170 Name,user170,user170@example.com,fB*8cFj3izLa,2
User171 Name,user171,user171@example.com,sIt7FN*QIGla,2
User172 Name,user172,user172@example.com,#xPDpPf31hJE,3
User173 Name,user173,user173@example.com,HS0Oerifl48@,3
User174 Name,user174,user174@example.com,me#c#3BvbR%w,2
User175 Name,user175,user175@example.com,Sas*TIfaFWw2,2
User176 Name,user176,user176@example.com,r@dKO5nbvbP#,3
User177 Name,user177,user177@example.com,4Pye&P@#48Xs,3
User178 Name,user178,user178@example.com,&OmT6ENtWPym,2
User179 Name,user179,user179@example.com,PIP%3UmJK*uT,1
User180 Name,user180,user180@example.com,yTnzJeU5eG*M,1
User181 Name,user181,user181@example.com,8aJ&9$rbhtXj,2
User182 Name,user182,user182@example.com,10B&W5ibsnAY,3
User183 Name,user183,user183@example.com,yxO@Cj77mmX2,1
User184 Name,user184,user184@example.com,48S*W$ps2cvY,3
User185 Name,user185,user185@example.com,oY&ERAfFWY9E,2
User186 Name,user186,user186@example.com,CO3%*lIPKebU,2
User187 Name,user187,user187@example.com,89t#&2S%tSFt,3
User188 Name,user188,user188@example.com,Vto7ua@NS8w6,2
User189 Name,user189,user189@example.com,&MalI0OyPt#h,2
User190 Name,user190,user190@example.com,djXHYRI&jY8@,1
User191 Name,user191,user191@example.com,VC0YsP%2l1kr,1
User192 Name,user192,user192@example.com,8uHHdxatC$1B,1
User193 Name,user193,user193@example.com,iYCuk5g#L8lk,2
User194 Name,user194,user194@example.com,cYjP$M@GL3Dh,2
User195 Name,user195,user195@example.com,T24uLr1#qj9S,2
User196 Name,user196,user196@example.com,97lpW5@u&6S*,3
User197 Name,user197,user197@example.com,bIydQ2#zOy*S,3
User198 Name,user198,user198@example.com,t%qWu#KdGs2R,2
User199 Name,user199,user199@example.com,Rxsz5kcvE%s*,1
User200 Name,user200,user200@example.com,cn@Gefj#4VR&,3
User201 Name,user201,user201@example.com,A7n@4*xFrdGZ,1
User202 Name,user202,user202@example.com,AVu74%8CjFE1,2
User203 Name,user203,user203@example.com,Am@mAT$sN7XB,3
User204 Name,user204,user204@example.com,ji5V&%vjHECs,3
User205 Name,user205,user205@example.com,&Ze4jj6Si&yJ,1
User206 Name,user206,user206@example.com,&0plYXH2p3bP,2
User207 Name,user207,user207@example.com,&c87NCHOZgDf,2
User208 Name,user208,user208@example.com,&G938FiHytNk,1
User209 Name,user209,user209@example.com,J64bfnL0TUa$,1
User210 Name,user210,user210@example.com,JOp$1lywG0VH,3
User211 Name,user211,user211@example.com,Sv&gzjCYG5cy,1
User212 Name,user212,user212@example.com,i&4HOEB9j%YS,2
User213 Name,user213,user213@example.com,uC&fJyYo$9YS,2
User214 Name,user214,user214@example.com,MxBoKKr&$l4g,1
User215 Name,user215,user215@example.com,CHMEJa2U3K*$,2
User216 Name,user216,user216@example.com,SQ@6xT9L&XTc,1
User217 Name,user217,user217@example.com,Vc0gFQA6#%4J,3
User218 Name,user218,user218@example.com,HopPAm6Wr@Ee,1
User219 Name,user219,user219@example.com,VI$101XSMksX,3
User220 Name,user220,user220@example.com,WnDHSLk#hj9w,1
User221 Name,user221,user221@example.com,bqVTBtc5u@hq,1
User222 Name,user222,user222@example.com,v3xsW$Vrp&#M,2
User223 Name,user223,user223@example.com,ujqmzHF9&5$J,1
User224 Name,user224,user224@example.com,*U4mYWL$Nu90,1
User225 Name,user225,user225@example.com,vTJKgSSQ7m%0,2
User226 Name,user226,user226@example.com,3yT77Va9HIh$,2
User227 Name,user227,user227@example.com,0xW$zMSdg1GR,2
User228 Name,user228,user228@example.com,yJ$n1VXJe59e,1
User229 Name,user229,user229@example.com,VvB5y3@CT$5D,3
User230 Name,user230,user230@example.com,2*3cBItTF1L#,1
User231 Name,user231,user231@example.com,fjrDs6G&h1W*,1
User232 Name,user232,user232@example.com,##LSu7iy9o@3,2
User233 Name,user233,user233@example.com,y4CCHz@Xx2UG,2
User234 Name,user234,user234@example.com,P@WU2ln82Kb5,2
User235 Name,user235,user235@example.com,$RlQLzsk1gve,3
User236 Name,user236,user236@example.com,QbD@DQI7aicU,2
User237 Name,user237,user237@example.com,EHv#e1VLC7@J,2
User238 Name,user238,user238@example.com,gC9f9G48Mrd&,1
User239 Name,user239,user239@example.com,41ywrr*XCRmh,2
User240 Name,user240,user240@example.com,8z@qHt00%&LT,3
User241 Name,user241,user241@example.com,vX7lN*9BqpuG,1
User242 Name,user242,user242@example.com,lUl$q2Nst&#G,2
User243 Name,user243,user243@example.com,g2SAp$pUUqzm,1
User244 Name,user244,user244@example.com,%02Iyi&l*maU,3
User245 Name,user245,user245@example.com,Yc%9qHW&5oNF,2
User246 Name,user246,user246@example.com,V2f*bx%TP*xs,3
User247 Name,user247,user247@example.com,P*i5NL$&9QF0,3
User248 Name,user248,user248@example.com,Z%eNV4u$p8Tx,3
User249 Name,user249,user249@example.com,#2oMv$7k2c*O,1
User250 Name,user250,user250@example.com,s$#l%vhO4LoX,1
User251 Name,user251,user251@example.com,R8iisz@s0fyO,3
User252 Name,user252,user252@example.com,6%6YKOiSY*Qr,2
User253 Name,user253,user253@example.com,B*0p2%1m%jvw,3
User254 Name,user254,user254@example.com,CxG@G$pBgwx6,1
User255 Name,user255,user255@example.com,C&TUK56DwK4t,1
User256 Name,user256,user256@example.com,*warLRH4Oz@f,2
User257 Name,user257,user257@example.com,LdAZh32uy%QM,1
User258 Name,user258,user258@example.com,$34rqCmvyM4$,3
User259 Name,user259,user259@example.com,0UYnzz1ng4o$,1
User260 Name,user260,user260@example.com,eOmyz7PZGn#z,2
User261 Name,user261,user261@example.com,146mP5$xL&WF,1
User262 Name,user262,user262@example.com,l8Wh2Blve$1G,3
User263 Name,user263,user263@example.com,*R3Xn$#@6k5z,3
User264 Name,user264,user264@example.com,4@NN3@YYiFf5,1
User265 Name,user265,user265@example.com,CDEuHHjF9n@b,1
User266 Name,user266,user266@example.com,kDg@IcPI@qp4,2
User267 Name,user267,user267@example.com,zG49Hy2S@Sia,3
User268 Name,user268,user268@example.com,07*6%ot1MAjw,1
User269 Name,user269,user269@example.com,lttSHSy&5Pu8,1
User270 Name,user270,user270@example.com,lBaloig&*J7v,2
User271 Name,user271,user271@example.com,Wsdc4tj*hJS6,2
User272 Name,user272,user272@example.com,14uO4#4qLMqG,1
User273 Name,user273,user273@example.com,sfXu6eE#3mNB,2
User274 Name,user274,user274@example.com,oj61Y$18%b*v,2
User275 Name,user275,user275@example.com,$6YDtOtXS%YM,3
User276 Name,user276,user276@example.com,&7C3cl6Hryz9,3
User277 Name,user277,user277@example.com,ho@ycc5I5Y8I,1
User278 Name,user278,user278@example.com,Dk1xyX9*K%R&,3
User279 Name,user279,user279@example.com,FWGjq#iJ5Ehc,3
User280 Name,user280,user280@example.com,N53pnKZ#VP1&,3
User281 Name,user281,user281@example.com,*kR4UtY#g7j&,3
User282 Name,user282,user282@example.com,E6sPz&m6Xk2A,2
User283 Name,user283,user283@example.com,ihOBj2kV@X8o,1
User284 Name,user284,user284@example.com,V64$ZjpEmy2u,3
User285 Name,user285,user285@example.com,3#h2$4KRLsQh,1
User286 Name,user286,user286@example.com,gK0twjVNj8B#,3
User287 Name,user287,user287@example.com,@69%JNeZMYf@,3
User288 Name,user288,user288@example.com,Nbqel@%B*7x7,3
User289 Name,user289,user289@example.com,k#FMFK5%awcB,1
User290 Name,user290,user290@example.com,LLo#X58FTHBa,3
User291 Name,user291,user291@example.com,sttEyvopMQ@9,1
User292 Name,user292,user292@example.com,nAhUDEvh#jd4,3
User293 Name,user293,user293@example.com,BN9M2dEhd&u3,2
User294 Name,user294,user294@example.com,9beCp13&hXEr,1
User295 Name,user295,user295@example.com,&@llX4LB*Ql9,1
User296 Name,user296,user296@example.com,Hc13x&noNPM*,2
User297 Name,user297,user297@example.com,%Mvu8WIJ87fR,1
User298 Name,user298,user298@example.com,*N%nAGH0Fs4r,2
User299 Name,user299,user299@example.com,GxgI*xHKbv0V,3
User300 Name,user300,user300@example.com,aA8UXz@78aR8,1
User301 Name,user301,user301@example.com,B%WSOv82WA7l,1
User302 Name,user302,user302@example.com,&0YXh&xYurc8,1
User303 Name,user303,user303@example.com,Ipd4&6mnKyy2,1
User304 Name,user304,user304@example.com,0D%31rz1LrR#,2
User305 Name,user305,user305@example.com,FL#wwSliEr0X,1
User306 Name,user306,user306@example.com,2IC@Hp*XPvPE,1
User307 Name,user307,user307@example.com,ma&b%V2SWSQa,3
User308 Name,user308,user308@example.com,@LI*d%IQZVp5,3
User309 Name,user309,user309@example.com,ZS&3wQRmj8&o,2
User310 Name,user310,user310@example.com,#%B0iEMRa#J&,2
User311 Name,user311,user311@example.com,k@Nxo6ujIjL1,1
User312 Name,user312,user312@example.com,ECS2F#XT%ILl,1
User313 Name,user313,user313@example.com,ny1#StWz7*j8,2
User314 Name,user314,user314@example.com,bBe2BC%2Cru*,3
User315 Name,user315,user315@example.com,&FQ1uaIX7Z5X,1
User316 Name,user316,user316@example.com,dp*4o67foRdM,1
User317 Name,user317,user317@example.com,OB$to9z6EkrK,3
User318 Name,user318,user318@example.com,Gzwb&8IX8m35,1
User319 Name,user319,user319@example.com,H#6V1%Yid&aD,2
User320 Name,user320,user320@example.com,1F*lZDiR1#QF,3
User321 Name,user321,user321@example.com,Z2WMnRcZ#E@H,3
User322 Name,user322,user322@example.com,FnIYVX3V&bSy,3
User323 Name,user323,user323@example.com,j%m4Vg@GCcBA,1
User324 Name,user324,user324@example.com,xz0&IA&FE%e0,2
User325 Name,user325,user325@example.com,5Mz$IjWXC%Ey,2
User326 Name,user326,user326@example.com,TToVm*KaX7L2,3
User327 Name,user327,user327@example.com,f#oxfvlxmNG5,1
User328 Name,user328,user328@example.com,$79JojwkKc3K,1
User329 Name,user329,user329@example.com,K#1nSx@eeUWo,3
User330 Name,user330,user330@example.com,UJb5oB#m%p5Y,1
User331 Name,user331,user331@example.com,UB6APupf@YE1,1
User332 Name,user332,user332@example.com,AB0&d&y$sg5H,2
User333 Name,user333,user333@example.com,0M64f$6COJkO,3
User334 Name,user334,user334@example.com,&De9R@a4zrCy,1
User335 Name,user335,user335@example.com,58x1L9KvNF@E,1
User336 Name,user336,user336@example.com,k2I*s5eKvWI9,2
User337 Name,user337,user337@example.com,3TTsY*w5qCAO,2
User338 Name,user338,user338@example.com,*$9PqUlggcU3,3
User339 Name,user339,user339@example.com,1DL3C*0bwwc0,1
User340 Name,user340,user340@example.com,B2XoIBGQw$Qq,1
User341 Name,user341,user341@example.com,%bj&W&OTI2FX,1
User342 Name,user342,user342@example.com,$o&aVOFzZI5M,3
User343 Name,user343,user343@example.com,6k6Kfy#8M0SD,3
User344 Name,user344,user344@example.com,p3vU#*xwU9SY,3
User345 Name,user345,user345@example.com,g%Oujp6ks&Ss,3
User346 Name,user346,user346@example.com,Y*FO@vUM6668,1
User347 Name,user347,user347@example.com,7*GKfZ8&OxHW,2
User348 Name,user348,user348@example.com,R3v4NEV&UP#$,1
User349 Name,user349,user349@example.com,vcAY&GXUogJ5,3
User350 Name,user350,user350@example.com,zVLGpNTI&V1*,1
User351 Name,user351,user351@example.com,3CP*DLWQSobG,1
User352 Name,user352,user352@example.com,R5A5M6#n3oFy,1
User353 Name,user353,user353@example.com,DQ#uL*2%R%1Q,2
User354 Name,user354,user354@example.com,2$JW8*SFhmyW,3
User355 Name,user355,user355@example.com,O2gRAlb&#qSQ,1
User356 Name,user356,user356@example.com,FeeSIwe95#J0,1
User357 Name,user357,user357@example.com,yoeR#1&u2JDz,1
User358 Name,user358,user358@example.com,e2@qZNm3Esy%,1
User359 Name,user359,user359@example.com,@KkEWZ@CDM3e,3
User360 Name,user360,user360@example.com,q@*0IEKgxsjP,1
User361 Name,user361,user361@example.com,T8Wczzc0U@&z,1
User362 Name,user362,user362@example.com,TbS4#0fa#DXO,2
User363 Name,user363,user363@example.com,z$eI@5#f@Aq9,3
User364 Name,user364,user364@example.com,ZNhko6PvSJ8&,1
User365 Name,user365,user365@example.com,&5WBABGpcs$e,3
User366 Name,user366,user366@example.com,G4j7#KtFPz3M,1
User367 Name,user367,user367@example.com,$CfYs$szi0U6,1
User368 Name,user368,user368@example.com,pB0MSNt&u5WB,3
User369 Name,user369,user369@example.com,F*bb1jP%MJtf,1
User370 Name,user370,user370@example.com,iUB@Rl5y2F3$,1
User371 Name,user371,user371@example.com,cnlsJ6#Sgt1V,2
User372 Name,user372,user372@example.com,CVNDsOCsE*f2,1
User373 Name,user373,user373@example.com,YE#$47#AcxH3,2
User374 Name,user374,user374@example.com,eXOSkE2AW%yo,3
User375 Name,user375,user375@example.com,Q07MATvl$Vyc,1
User376 Name,user376,user376@example.com,iOLsthh6@4Gp,1
User377 Name,user377,user377@example.com,fVS%Y8jhde3G,1
User378 Name,user378,user378@example.com,8HqrVH7gUz&E,1
User379 Name,user379,user379@example.com,9vQhy*rpeJty,2
User380 Name,user380,user380@example.com,%1K@Qu07ykEe,2
User381 Name,user381,user381@example.com,4VbAq%JAb6s4,3
User382 Name,user382,user382@example.com,C3%lEbGVeiDC,2
User383 Name,user383,user383@example.com,cKymlB2b#so8,2
User384 Name,user384,user384@example.com,$nggY&ewPB7h,1
User385 Name,user385,user385@example.com,lIHIq2tY6@ni,1
User386 Name,user386,user386@example.com,v4jF6oF8&pIE,1
User387 Name,user387,user387@example.com,vptX5ajyL#4O,1
User388 Name,user388,user388@example.com,@0S0OhSq$Gkt,3
User389 Name,user389,user389@example.com,vr%#sgjOgg96,2
User390 Name,user390,user390@example.com,llh74*kPaJWS,3
User391 Name,user391,user391@example.com,QMtHED*AfB$1,2
User392 Name,user392,user392@example.com,#%fBWX4Z%oXL,3
User393 Name,user393,user393@example.com,zOt*tBljMHR2,2
User394 Name,user394,user394@example.com,6a1pX%&ySlzS,1
User395 Name,user395,user395@example.com,*PM5SO6H$@w3,2
User396 Name,user396,user396@example.com,$6mXeIZMc47l,1
User397 Name,user397,user397@example.com,2@h$wx8b1PeO,2
User398 Name,user398,user398@example.com,z2fq@fV&HMFC,2
User399 Name,user399,user399@example.com,#Mr0M8uw9V@o,2
User400 Name,user400,user400@example.com,S5*jMOe&f3iH,1
User401 Name,user401,user401@example.com,8EV8sao#yPXA,3
User402 Name,user402,user402@example.com,PK7%f%f#t@3L,3
User403 Name,user403,user403@example.com,rwG5F7XV#gRE,2
User404 Name,user404,user404@example.com,Pgy6Zl*YjDmV,1
User405 Name,user405,user405@example.com,FE4S1Qnfk$&u,3
User406 Name,user406,user406@example.com,dB2%xOF#Gz@4,1
User407 Name,user407,user407@example.com,T*3naQN3h$kU,3
User408 Name,user408,user408@example.com,W7$h%d2ps$DC,1
User409 Name,user409,user409@example.com,B%h0xgyA2&9$,3
User410 Name,user410,user410@example.com,pO1Vi%TDo2Fa,1
User411 Name,user411,user411@example.com,WsVN#Ctx@%5m,1
User412 Name,user412,user412@example.com,@8$GOBk0mvf7,2
User413 Name,user413,user413@example.com,j@Y4n552qX$m,2
User414 Name,user414,user414@example.com,Qgt*qi48YBY@,2
User415 Name,user415,user415@example.com,Z*7@KSNznU3r,1
User416 Name,user416,user416@example.com,*GMSX1qTGG6R,3
User417 Name,user417,user417@example.com,7&w$G4reYAQm,2
User418 Name,user418,user418@example.com,0%o69%D#fowX,2
User419 Name,user419,user419@example.com,L6vwHQlDj%W#,3
User420 Name,user420,user420@example.com,&B0g*rlp&1UB,1
User421 Name,user421,user421@example.com,Nxbq&h6VcE%K,2
User422 Name,user422,user422@example.com,lM$d%$G@2A#Q,1
User423 Name,user423,user423@example.com,2qYQCyk5tS$H,2
User424 Name,user424,user424@example.com,w3Qc#h%%7@3$,2
User425 Name,user425,user425@example.com,J0E3j0xpz$gr,1
User426 Name,user426,user426@example.com,ZQSbqD7*E&G0,2
User427 Name,user427,user427@example.com,Mr7Fk7lYVt8&,1
User428 Name,user428,user428@example.com,XPlw@D8Kd@Y5,2
User429 Name,user429,user429@example.com,3KS#6%V6Y$#r,1
User430 Name,user430,user430@example.com,ZdKPrjQx8$v*,2
User431 Name,user431,user431@example.com,s1Zj1lSx&4eZ,3
User432 Name,user432,user432@example.com,vGtr%8i#Pl4X,1
User433 Name,user433,user433@example.com,@UfK*vGV7&@0,3
User434 Name,user434,user434@example.com,EX2@4lEs0g1a,3
User435 Name,user435,user435@example.com,UCtipi1mqv#N,2
User436 Name,user436,user436@example.com,22yZlA3&5ZQq,1
User437 Name,user437,user437@example.com,K3W$zRMuMu97,1
User438 Name,user438,user438@example.com,iY&occ0H35E@,1
User439 Name,user439,user439@example.com,azZDypP7@nev,1
User440 Name,user440,user440@example.com,6stQ*Jp&sgF@,3
User441 Name,user441,user441@example.com,88$H4qeCYPfm,3
User442 Name,user442,user442@example.com,*4uaiQ7DaOrg,3
User443 Name,user443,user443@example.com,A39kS5qR*zJY,3
User444 Name,user444,user444@example.com,LWSxh$%fx5Kp,1
User445 Name,user445,user445@example.com,Y3X@%NfcOHD1,2
User446 Name,user446,user446@example.com,D3sils@hNCL@,1
User447 Name,user447,user447@example.com,j#1v8YsEstfQ,2
User448 Name,user448,user448@example.com,Dsk76r7nT3&@,3
User449 Name,user449,user449@example.com,ST0Kic$zjBxn,2
User450 Name,user450,user450@example.com,1XdGB&vskKEY,2
User451 Name,user451,user451@example.com,Mk6jum4&VzZJ,1
User452 Name,user452,user452@example.com,u@X2TyJ8Gbn2,3
User453 Name,user453,user453@example.com,*ViOrV0&DQvl,2
User454 Name,user454,user454@example.com,foXV2w2%P0sb,1
User455 Name,user455,user455@example.com,xXz@K7OEp$mG,3
User456 Name,user456,user456@example.com,T&3N$@0Vb&4E,1
User457 Name,user457,user457@example.com,LGUAjahj2TU&,1
User458 Name,user458,user458@example.com,w9Qr#1VcswV$,2
User459 Name,user459,user459@example.com,hJxv7&o8k4T2,1
User460 Name,user460,user460@example.com,tB#ETV@ORnO3,1
User461 Name,user461,user461@example.com,3$Ukfn7n8&IP,3
User462 Name,user462,user462@example.com,5uL65gjvhV%j,1
User463 Name,user463,user463@example.com,4amw9jUG&sT$,3
User464 Name,user464,user464@example.com,I6LZT%pzEnP%,2
User465 Name,user465,user465@example.com,jQhG9vxVyp$2,2
User466 Name,user466,user466@example.com,P$&h7l6FFWdc,2
User467 Name,user467,user467@example.com,w03#S6S*X01F,2
User468 Name,user468,user468@example.com,m3zTAQUWu%t&,2
User469 Name,user469,user469@example.com,6Tv5KM*MbfQE,1
User470 Name,user470,user470@example.com,*9kdG6p95$Tr,2
User471 Name,user471,user471@example.com,N&o%zlUA6CwO,3
User472 Name,user472,user472@example.com,7ifv#OC2JDdC,1
User473 Name,user473,user473@example.com,$oDf%DW8zU@0,1
User474 Name,user474,user474@example.com,C%Gt66qzIxtQ,3
User475 Name,user475,user475@example.com,4SllD&x@td9c,2
User476 Name,user476,user476@example.com,Fdpjn6BgFp$S,1
User477 Name,user477,user477@example.com,$WIVn7c9C&t*,3
User478 Name,user478,user478@example.com,%B93v8I#nSb*,1
User479 Name,user479,user479@example.com,n07c#U$%Jcid,2
User480 Name,user480,user480@example.com,SDH@9j&PZsll,3
User481 Name,user481,user481@example.com,5%d0z0ljSHt%,1
User482 Name,user482,user482@example.com,$bbfgOo089N7,3
User483 Name,user483,user483@example.com,89TYXt&n#Wg8,2
User484 Name,user484,user484@example.com,neJ%j5UQ%9m3,1
User485 Name,user485,user485@example.com,KLxBFHDZ7G*F,3
User486 Name,user486,user486@example.com,Ae1C1P*bUiLc,3
User487 Name,user487,user487@example.com,ftqC6D#PyPol,2
User488 Name,user488,user488@example.com,HsC2@6Ih6u*2,2
User489 Name,user489,user489@example.com,z6KIoRqNu96*,3
User490 Name,user490,user490@example.com,Xn@8wTcgMT83,2
User491 Name,user491,user491@example.com,7$0b5f0fIjfZ,3
User492 Name,user492,user492@example.com,zg7FssDH5c&m,3
User493 Name,user493,user493@example.com,nV4*wuu0u#W7,3
User494 Name,user494,user494@example.com,VyVKBb@9B09q,1
User495 Name,user495,user495@example.com,yEwRhrJnx5w$,2
User496 Name,user496,user496@example.com,s&67PkTltixC,1
User497 Name,user497,user497@example.com,cp0HjsJDMC#m,3
User498 Name,user498,user498@example.com,H0i8*p$8Sm&d,2
User499 Name,user499,user499@example.com,scQAxIlC7H*4,3
User500 Name,user500,user500@example.com,Y%ZB1zITgrCv,3
User501 Name,user501,user501@example.com,0%olo#wjeJU6,3
User502 Name,user502,user502@example.com,y86HR260%U&C,1
User503 Name,user503,user503@example.com,ALELHdf%7iLW,3
User504 Name,user504,user504@example.com,TpZrs61eb#Fy,2
User505 Name,user505,user505@example.com,vxXLQZ4FU&T6,2
User506 Name,user506,user506@example.com,%vi5rq&PJME5,3
User507 Name,user507,user507@example.com,z*@ywd3&hHcl,1
User508 Name,user508,user508@example.com,c8AMS@$B2WBC,3
User509 Name,user509,user509@example.com,wz&U0vqkVwp6,3
User510 Name,user510,user510@example.com,x%@wd*a8W@2Q,2
User511 Name,user511,user511@example.com,l0c#2JKr9lU&,1
User512 Name,user512,user512@example.com,XJH57cpk@TlQ,1
User513 Name,user513,user513@example.com,UV0RUtjo0tb*,2
User514 Name,user514,user514@example.com,AD&N6%tYsaC$,1
User515 Name,user515,user515@example.com,5H3jXdK%$Ib0,3
User516 Name,user516,user516@example.com,RY7rVknTJ*D%,2
User517 Name,user517,user517@example.com,WH0$wg3Z1rXs,3
User518 Name,user518,user518@example.com,N&6P&kDV7$cd,1
User519 Name,user519,user519@example.com,Qio37eOy**%Q,3
User520 Name,user520,user520@example.com,JIy3ax%$O9j&,3
User521 Name,user521,user521@example.com,3XY$%vVaTj#Q,3
User522 Name,user522,user522@example.com,eOsT6ahy#K&%,2
User523 Name,user523,user523@example.com,e5uKYt@VAp$K,1
User524 Name,user524,user524@example.com,gSkd$LLD1f8L,3
User525 Name,user525,user525@example.com,uB2xJiz#*9hj,2
User526 Name,user526,user526@example.com,mL9WhJTQ&4gq,2
User527 Name,user527,user527@example.com,&099JBd4#0&q,1
User528 Name,user528,user528@example.com,@Sc5gwGWqVzM,2
User529 Name,user529,user529@example.com,5l#lyPRCn6IU,3
User530 Name,user530,user530@example.com,6maQ&4IFxSnm,1
User531 Name,user531,user531@example.com,39o@qjZgHUHH,3
User532 Name,user532,user532@example.com,eg0OT@xDOkjp,3
User533 Name,user533,user533@example.com,uscyABd%XgI5,3
User534 Name,user534,user534@example.com,@z9jVVEmiiQw,2
User535 Name,user535,user535@example.com,tSe%@%z4xnq5,2
User536 Name,user536,user536@example.com,&&wu@V8$oT9@,3
User537 Name,user537,user537@example.com,104&hltVqX@L,1
User538 Name,user538,user538@example.com,st&59arj1G@g,1
User539 Name,user539,user539@example.com,c#&MEaI0G@08,2
User540 Name,user540,user540@example.com,Htz#i#dysf14,1
User541 Name,user541,user541@example.com,A$F4Vdh$VHi7,2
User542 Name,user542,user542@example.com,8AwLaju#qAQC,2
User543 Name,user543,user543@example.com,xSobo$@mT9vH,1
User544 Name,user544,user544@example.com,@%Esr%q2WtnF,2
User545 Name,user545,user545@example.com,wlzS$yr9q5*b,3
User546 Name,user546,user546@example.com,o&y82Lb%QMZQ,3
User547 Name,user547,user547@example.com,wUcGi&Wx@nj7,1
User548 Name,user548,user548@example.com,DsgcmiG*A2@0,1
User549 Name,user549,user549@example.com,@Tde1Py1QrYr,3
User550 Name,user550,user550@example.com,CgNV*VetgR8R,2
User551 Name,user551,user551@example.com,V@@k#vqe5sl3,1
User552 Name,user552,user552@example.com,lJCER&xNn6RR,1
User553 Name,user553,user553@example.com,O7y6cc#IOQ#*,2
User554 Name,user554,user554@example.com,5plWM9Tre$78,2
User555 Name,user555,user555@example.com,LgBc8A5gSwj#,1
User556 Name,user556,user556@example.com,X*Rwkr&9%S9b,1
User557 Name,user557,user557@example.com,zq7bsnEG@gPr,2
User558 Name,user558,user558@example.com,XFn0y&Y7#Dik,2
User559 Name,user559,user559@example.com,R6VAR&kGxrgd,2
User560 Name,user560,user560@example.com,EM&Xilf0Kd%W,2
User561 Name,user561,user561@example.com,n*61Rv%B8Rhn,2
User562 Name,user562,user562@example.com,Z@EIcFFfPwk8,3
User563 Name,user563,user563@example.com,37gV*E%hLLUU,1
User564 Name,user564,user564@example.com,#1LaWlbWtp0O,3
User565 Name,user565,user565@example.com,o%Wwu7mfU$Km,3
User566 Name,user566,user566@example.com,kAE$I$pq6ib$,2
User567 Name,user567,user567@example.com,qq#@KOYX3hw6,1
User568 Name,user568,user568@example.com,Pbk58xVE%E#t,2
User569 Name,user569,user569@example.com,7h#*06N%AwYT,2
User570 Name,user570,user570@example.com,wca7Z%HIXIEG,2
User571 Name,user571,user571@example.com,0E%&V5zL7SnQ,1
User572 Name,user572,user572@example.com,UeV6MHp#P8di,3
User573 Name,user573,user573@example.com,4op2i$rIQTYI,1
User574 Name,user574,user574@example.com,RLZQdaR4VV@$,2
User575 Name,user575,user575@example.com,W3c#%Mq4cQR9,2
User576 Name,user576,user576@example.com,I3ZUd@ASFXcD,3
User577 Name,user577,user577@example.com,Iv36mGsfCwQ$,2
User578 Name,user578,user578@example.com,p3HuRqCgQ&nJ,3
User579 Name,user579,user579@example.com,$#oTX1cUjLQl,3
User580 Name,user580,user580@example.com,G@Tbn1$4Bpji,2
User581 Name,user581,user581@example.com,L*v0iLHv*Z2h,1
User582 Name,user582,user582@example.com,EgHS7D8@1@t3,2
User583 Name,user583,user583@example.com,iDAGX6vHgE*Z,3
User584 Name,user584,user584@example.com,DUNAw&EmL1q$,2
User585 Name,user585,user585@example.com,Fa%hDA3HOn5&,1
User586 Name,user586,user586@example.com,H6%bhd2$pbni,1
User587 Name,user587,user587@example.com,&fFRyBke%8uT,1
User588 Name,user588,user588@example.com,0DM1t$C3&tdz,1
User589 Name,user589,user589@example.com,jfs*9VXa1shL,2
User590 Name,user590,user590@example.com,p0u7q*cZ%Zf#,1
User591 Name,user591,user591@example.com,#4CpWGw6BQ3E,2
User592 Name,user592,user592@example.com,UaFq&%x795#f,3
User593 Name,user593,user593@example.com,ZjsuXq#0f7VZ,1
User594 Name,user594,user594@example.com,ScEc20h%Kw#O,1
User595 Name,user595,user595@example.com,JhQ@KG7q8dVs,1
User596 Name,user596,user596@example.com,h&xr5%WcB#uo,3
User597 Name,user597,user597@example.com,YfIN318$9pJ%,2
User598 Name,user598,user598@example.com,Mn%$s60hMJIQ,1
User599 Name,user599,user599@example.com,RfX8l#uOsbn7,1
User600 Name,user600,user600@example.com,ZcV9$WBnbY$T,2
User601 Name,user601,user601@example.com,p7MR2K$c89RX,2
User602 Name,user602,user602@example.com,sQS#YBXn7&d7,1
User603 Name,user603,user603@example.com,%8P4shbC3eN9,1
User604 Name,user604,user604@example.com,#zM$Ux8G9Tfv,2
User605 Name,user605,user605@example.com,V*L0*sVA0P0n,2
User606 Name,user606,user606@example.com,0ZWkMVaBZi#2,1
User607 Name,user607,user607@example.com,DXR*D0Ehh#tY,3
User608 Name,user608,user608@example.com,6kw4K%ftiExT,1
User609 Name,user609,user609@example.com,sVLR$30AVjvg,1
User610 Name,user610,user610@example.com,&dJ%4s6LwLnE,3
User611 Name,user611,user611@example.com,$q#bfhNaZSB6,1
User612 Name,user612,user612@example.com,PtoR#9UJZ1L8,1
User613 Name,user613,user613@example.com,Ql4X1j*pQ*ln,3
User614 Name,user614,user614@example.com,Or7vB$4YrzQh,2
User615 Name,user615,user615@example.com,#2UBF$pH3NWr,1
User616 Name,user616,user616@example.com,Y99#Fai@tgye,1
User617 Name,user617,user617@example.com,9Q*C5I*qNqvX,3
User618 Name,user618,user618@example.com,X*6$s3J8*3sv,1
User619 Name,user619,user619@example.com,fes$R84@ReUb,2
User620 Name,user620,user620@example.com,jB%5S7T&qCRC,1
User621 Name,user621,user621@example.com,8UYifR61*xeJ,3
User622 Name,user622,user622@example.com,lXE7@$o@oPK6,2
User623 Name,user623,user623@example.com,6ATo%53%1qDO,1
User624 Name,user624,user624@example.com,CAcUhj*3%pWs,1
User625 Name,user625,user625@example.com,E0&OIXG7llLl,3
User626 Name,user626,user626@example.com,SCtP&zukAY6q,1
User627 Name,user627,user627@example.com,hH4Q04ukOl#r,3
User628 Name,user628,user628@example.com,Qd$PV9HINlD7,2
User629 Name,user629,user629@example.com,3EM&CTI9TKFi,2
User630 Name,user630,user630@example.com,Ny%G06kfDHy*,1
User631 Name,user631,user631@example.com,Jw%sckOKTSL5,1
User632 Name,user632,user632@example.com,u01Bt*pRiLlf,1
User633 Name,user633,user633@example.com,7nvfG#Jt%f4g,1
User634 Name,user634,user634@example.com,N$E$%6GpyFJ7,1
User635 Name,user635,user635@example.com,@d@x2lFZMv0P,1
User636 Name,user636,user636@example.com,#9DLM1lawI$a,1
User637 Name,user637,user637@example.com,*zLLy9%5IQjl,3
User638 Name,user638,user638@example.com,7r#Hyba1xvVU,1
User639 Name,user639,user639@example.com,G0X40I&xKle@,1
User640 Name,user640,user640@example.com,f7*EfLJKW#6s,3
User641 Name,user641,user641@example.com,i2N%KH$%S9hb,3
User642 Name,user642,user642@example.com,$8&FAySMdj1U,1
User643 Name,user643,user643@example.com,7BMh6E@lJDgh,3
User644 Name,user644,user644@example.com,P*bqr9M6YC0c,3
User645 Name,user645,user645@example.com,exh4i1HyHS&%,1
User646 Name,user646,user646@example.com,4JjGP7b2#2PR,1
User647 Name,user647,user647@example.com,wxfOK3Kqb3J#,2
User648 Name,user648,user648@example.com,BX%p%QosC$4N,1
User649 Name,user649,user649@example.com,g2rclaOfiNk$,2
User650 Name,user650,user650@example.com,W1%Aig8VjyKk,2
User651 Name,user651,user651@example.com,u1B&DtiGU9IP,1
User652 Name,user652,user652@example.com,47#NcbJtgunc,2
User653 Name,user653,user653@example.com,LqSB0%3DQ0Ut,3
User654 Name,user654,user654@example.com,*d8MOfYqmEJq,2
User655 Name,user655,user655@example.com,1$azX#Un*hv9,1
User656 Name,user656,user656@example.com,&hxlTwk&5BVC,2
User657 Name,user657,user657@example.com,0UhMyy5I*0yg,3
User658 Name,user658,user658@example.com,%2Zq1F1$jns*,3
User659 Name,user659,user659@example.com,L2cgk#iSQ$yY,3
User660 Name,user660,user660@example.com,wTMUFP&puy4j,2
User661 Name,user661,user661@example.com,AM%ZcnXwUU9h,1
User662 Name,user662,user662@example.com,ORu#pxCK1TQ#,2
User663 Name,user663,user663@example.com,p26GYC2#XxZm,3
User664 Name,user664,user664@example.com,vz%1MHUcWMSN,1
User665 Name,user665,user665@example.com,GdlFnWh8&OaY,1
User666 Name,user666,user666@example.com,P9HArIOYRHK%,1
User667 Name,user667,user667@example.com,C*gOR%xK56Eh,2
User668 Name,user668,user668@example.com,c@E4R6JokJkb,1
User669 Name,user669,user669@example.com,XQFpnl8@%2Qi,2
User670 Name,user670,user670@example.com,tL6$b#lmoZwz,3
User671 Name,user671,user671@example.com,*9U&XUzzwAQp,2
User672 Name,user672,user672@example.com,aN%4xR$kXvv%,1
User673 Name,user673,user673@example.com,t@HLeWDZt5zL,1
User674 Name,user674,user674@example.com,NGUZHHP7c*zd,3
User675 Name,user675,user675@example.com,8HEafN2&v8pm,3
User676 Name,user676,user676@example.com,y8ZUgvhx4#03,3
User677 Name,user677,user677@example.com,9QU0#nR23UeE,3
User678 Name,user678,user678@example.com,uzZE1sMujjQ@,2
User679 Name,user679,user679@example.com,ju#p9XF0ult3,2
User680 Name,user680,user680@example.com,89sSejbq8A$S,3
User681 Name,user681,user681@example.com,PIGQP4r9&07o,1
User682 Name,user682,user682@example.com,*tElEWBGZ#1S,2
User683 Name,user683,user683@example.com,huqV$ZpU9aHN,3
User684 Name,user684,user684@example.com,#dXbS7mKSWS7,2
User685 Name,user685,user685@example.com,X%Ro%ym5OUn6,1
User686 Name,user686,user686@example.com,5PRjYQXxZJ*2,3
User687 Name,user687,user687@example.com,54y0vvFKhQ9#,1
User688 Name,user688,user688@example.com,u6%$a4JHeD%X,2
User689 Name,user689,user689@example.com,6qZD*c6m*l2L,2
User690 Name,user690,user690@example.com,4nmMcrC@uTdX,1
User691 Name,user691,user691@example.com,E#ntSp7i4kFL,1
User692 Name,user692,user692@example.com,0O%7sbIQWLiu,1
User693 Name,user693,user693@example.com,YlWx7sFq$N9D,1
User694 Name,user694,user694@example.com,raP0yBrI*ZIi,2
User695 Name,user695,user695@example.com,G5telrXD*VZ6,2
User696 Name,user696,user696@example.com,&Rqa#2SadU4&,2
User697 Name,user697,user697@example.com,vH#j4NqVwoNW,2
User698 Name,user698,user698@example.com,PUhSFnA6Sdh$,2
User699 Name,user699,user699@example.com,*6gQHh8viUAA,3
User700 Name,user700,user700@example.com,wdGN%d61dlBf,1
User701 Name,user701,user701@example.com,ss56XG%KbSJL,1
User702 Name,user702,user702@example.com,tbJ$y3*H7#TG,3
User703 Name,user703,user703@example.com,QC8kfZ4AdG$g,3
User704 Name,user704,user704@example.com,bR9Vl$%0ByQ1,1
User705 Name,user705,user705@example.com,0pD@k1K1$Hg3,2
User706 Name,user706,user706@example.com,m#H$Q6vEW%49,1
User707 Name,user707,user707@example.com,Bmln&#Rj5Axn,1
User708 Name,user708,user708@example.com,I3J#7*e5&rSs,1
User709 Name,user709,user709@example.com,uF*nMKqN3aWV,3
User710 Name,user710,user710@example.com,86LZyg2#swFr,1
User711 Name,user711,user711@example.com,1Q&f#EfSOo6*,3
User712 Name,user712,user712@example.com,d9SHq%xmTitq,1
User713 Name,user713,user713@example.com,h3FzfbYAeY*c,3
User714 Name,user714,user714@example.com,pCynsk9*cUB4,1
User715 Name,user715,user715@example.com,yW6O4iz7G%GU,3
User716 Name,user716,user716@example.com,hJ@zw5%GxtmD,2
User717 Name,user717,user717@example.com,ktHcM@3b*5q6,3
User718 Name,user718,user718@example.com,bRJ@OwV4Xvcy,3
User719 Name,user719,user719@example.com,A539%%Mqjw&k,1
User720 Name,user720,user720@example.com,Hl@R2y9&JTf5,2
User721 Name,user721,user721@example.com,fwp0ob3Z2#V$,1
User722 Name,user722,user722@example.com,bIeGevh5%G6D,2
User723 Name,user723,user723@example.com,R$xv6U@C#P6J,3
User724 Name,user724,user724@example.com,B%&M1GdINmQQ,1
User725 Name,user725,user725@example.com,H#W2c#ICAE5f,3
User726 Name,user726,user726@example.com,GnoFEx0Me@0W,1
User727 Name,user727,user727@example.com,xqV4TY@IQXCa,3
User728 Name,user728,user728@example.com,0S5o1$$rlSf5,1
User729 Name,user729,user729@example.com,pik%kyv&H4Zx,2
User730 Name,user730,user730@example.com,jg$Maa1tYXj#,1
User731 Name,user731,user731@example.com,#%t*2PYSU%G1,2
User732 Name,user732,user732@example.com,249&NpEQ%Tiv,2
User733 Name,user733,user733@example.com,pLM9f9%UImK4,3
User734 Name,user734,user734@example.com,oVS%5Xrk0XcV,3
User735 Name,user735,user735@example.com,i3*DiaC#P#I$,2
User736 Name,user736,user736@example.com,Xq0@&7U4J0%y,1
User737 Name,user737,user737@example.com,pUz48&u@knqz,1
User738 Name,user738,user738@example.com,1St7s1*@%L8S,1
User739 Name,user739,user739@example.com,I%I40p7Zmfn$,1
User740 Name,user740,user740@example.com,L&Gp6Yg&WxTY,1
User741 Name,user741,user741@example.com,*MpmH9yRXU9e,2
User742 Name,user742,user742@example.com,Boa2uV%#6nMp,3
User743 Name,user743,user743@example.com,wS0&d@3yDz3Z,2
User744 Name,user744,user744@example.com,xmx5#GPlfV@7,3
User745 Name,user745,user745@example.com,Nk$SlTeXyz50,3
User746 Name,user746,user746@example.com,TtI&BTgOfsm1,1
User747 Name,user747,user747@example.com,kT&c*HKbjY3u,1
User748 Name,user748,user748@example.com,y@P8PL&#ss5y,3
User749 Name,user749,user749@example.com,bJZ$woVK0t25,3
User750 Name,user750,user750@example.com,PH#LZ%8y3Cbs,1
User751 Name,user751,user751@example.com,37e$ZBjHMo*%,2
User752 Name,user752,user752@example.com,2OJeiNGf%Dmw,1
User753 Name,user753,user753@example.com,zO@6VbZCHBR5,1
User754 Name,user754,user754@example.com,TZK5RS0#xifA,2
User755 Name,user755,user755@example.com,%4bJc4dHEXTr,1
User756 Name,user756,user756@example.com,Idv$hanxSZ06,3
User757 Name,user757,user757@example.com,8V*Z%6GiVRpy,1
User758 Name,user758,user758@example.com,ziXADDlu%oh3,3
User759 Name,user759,user759@example.com,#zOqbqAy@L&0,1
User760 Name,user760,user760@example.com,hYZYDG0#$w8I,3
User761 Name,user761,user761@example.com,fdc$TzbFT9Z*,3
User762 Name,user762,user762@example.com,5m4Z8hOa5&FI,2
User763 Name,user763,user763@example.com,0qSoVf#CWs7e,1
User764 Name,user764,user764@example.com,e#iK5QssEQ#Z,1
User765 Name,user765,user765@example.com,@Ef1thqhljAP,3
User766 Name,user766,user766@example.com,4j*tBGrFbQY0,2
User767 Name,user767,user767@example.com,9Dgx0Ry0bR$z,2
User768 Name,user768,user768@example.com,*NW5fG%8IPA9,2
User769 Name,user769,user769@example.com,b$80HytyBA6x,3
User770 Name,user770,user770@example.com,xaQ&*KVd2OwE,1
User771 Name,user771,user771@example.com,3Z&cojTTy@N%,1
User772 Name,user772,user772@example.com,s6@UdI4dwPwu,1
User773 Name,user773,user773@example.com,#Xeu&*7Ii5A6,1
User774 Name,user774,user774@example.com,sFS8*Jk4CqLB,2
User775 Name,user775,user775@example.com,up3TeHO0b5L@,1
User776 Name,user776,user776@example.com,TEFLcV4*ZfsE,2
User777 Name,user777,user777@example.com,wAk0xlxFZQ&&,1
User778 Name,user778,user778@example.com,$0f5xBGSaItC,1
User779 Name,user779,user779@example.com,ET74cM#1mh02,3
User780 Name,user780,user780@example.com,Mz0rV@$9Zk3F,3
User781 Name,user781,user781@example.com,o6N5XT$UG65o,3
User782 Name,user782,user782@example.com,EERGrwjrK3W#,1
User783 Name,user783,user783@example.com,vjU6L$XK2V9h,3
User784 Name,user784,user784@example.com,i&Zy6465P%Gf,1
User785 Name,user785,user785@example.com,$kc3m$&Hi6R9,2
User786 Name,user786,user786@example.com,2#8aRgqeZ5XM,1
User787 Name,user787,user787@example.com,uoL1t#C2gFKm,1
User788 Name,user788,user788@example.com,5z&*NDIX1mee,1
User789 Name,user789,user789@example.com,6WT&5UGlhOt9,2
User790 Name,user790,user790@example.com,JQPTV$fzc3lu,2
User791 Name,user791,user791@example.com,0xUVD&s0jPp#,1
User792 Name,user792,user792@example.com,y6Je0&qP&Z*%,2
User793 Name,user793,user793@example.com,14*j7Py*fxoZ,3
User794 Name,user794,user794@example.com,f6m$R0uL4@1%,1
User795 Name,user795,user795@example.com,&@oeqYZ0Z@&4,3
User796 Name,user796,user796@example.com,d*4czw&okWaB,3
User797 Name,user797,user797@example.com,4nZIJi%hfKdT,3
User798 Name,user798,user798@example.com,yj$UE1bsp#4l,3
User799 Name,user799,user799@example.com,93m2ruPY&mx4,1
User800 Name,user800,user800@example.com,mMgzk0%#w20H,1
User801 Name,user801,user801@example.com,7sp#b*T1ztHK,2
User802 Name,user802,user802@example.com,4$#$QT8Ic0r5,2
User803 Name,user803,user803@example.com,L#4M#GmJ*l8R,2
User804 Name,user804,user804@example.com,QieL@jpf4#4m,3
User805 Name,user805,user805@example.com,Kkb7$7ZhfoJ*,1
User806 Name,user806,user806@example.com,4G$zx&02Pcxt,2
User807 Name,user807,user807@example.com,Cy%V8JiGkAZ9,3
User808 Name,user808,user808@example.com,JhTT9@9b@hhy,2
User809 Name,user809,user809@example.com,W&#lifC7zO&7,1
User810 Name,user810,user810@example.com,ugWM3svP2@73,2
User811 Name,user811,user811@example.com,0jZ1R6FZ%c%I,1
User812 Name,user812,user812@example.com,uo5Z*dBtEgSq,3
User813 Name,user813,user813@example.com,d$%*fQC@v2iK,3
User814 Name,user814,user814@example.com,FGYs*c2EprU9,1
User815 Name,user815,user815@example.com,$&1TsBAh186Y,1
User816 Name,user816,user816@example.com,1$xGwV1&MNNP,1
User817 Name,user817,user817@example.com,rnb3xi%ueA5p,3
User818 Name,user818,user818@example.com,19IW*pszzQi3,2
User819 Name,user819,user819@example.com,Kox7a4$$opk9,3
User820 Name,user820,user820@example.com,ik%axSzl6%LY,3
User821 Name,user821,user821@example.com,Z7Htbt$o8wx8,2
User822 Name,user822,user822@example.com,2J9Tn&E2lYrJ,2
User823 Name,user823,user823@example.com,%F2wt06vpAbJ,1
User824 Name,user824,user824@example.com,i*cqk7G%ok4X,2
User825 Name,user825,user825@example.com,qK@d3okA$a5U,2
User826 Name,user826,user826@example.com,&8i9Sav$AQh$,3
User827 Name,user827,user827@example.com,*3jWpK8Kd9t$,3
User828 Name,user828,user828@example.com,29IG6cHWwcE&,2
User829 Name,user829,user829@example.com,FhqNB75xsD@k,3
User830 Name,user830,user830@example.com,YK@31JF2vOSk,3
User831 Name,user831,user831@example.com,4&k$1v2Z&M%P,2
User832 Name,user832,user832@example.com,9B&kvMkHrRaP,1
User833 Name,user833,user833@example.com,2cyOcGrrF6I&,3
User834 Name,user834,user834@example.com,ks7#S7iaoCs5,2
User835 Name,user835,user835@example.com,Az1Yt07*qLl0,2
User836 Name,user836,user836@example.com,PCt6rvX2m1#P,1
User837 Name,user837,user837@example.com,61q#4@OlaAOn,3
User838 Name,user838,user838@example.com,h#h6SA8@mWY&,1
User839 Name,user839,user839@example.com,aSkO$0TwvSMG,3
User840 Name,user840,user840@example.com,@BweZqK9#BQM,1
User841 Name,user841,user841@example.com,lM%41s5vD4Z8,2
User842 Name,user842,user842@example.com,&A8SG3*NCtWa,1
User843 Name,user843,user843@example.com,7*YS1W&cA6OO,3
User844 Name,user844,user844@example.com,Y%R&h72m8gVQ,1
User845 Name,user845,user845@example.com,tL*Jyug0ZEul,1
User846 Name,user846,user846@example.com,do&S9o&4n2sS,1
User847 Name,user847,user847@example.com,lsEt18E9cS*m,3
User848 Name,user848,user848@example.com,CoR6g39@WLvb,3
User849 Name,user849,user849@example.com,oyPDm9ZJN&Yx,3
User850 Name,user850,user850@example.com,v8REFt4g@l1m,1
User851 Name,user851,user851@example.com,1umYSe@ac&ig,2
User852 Name,user852,user852@example.com,S9J1foa3&Qt5,3
User853 Name,user853,user853@example.com,R7ofOrF&Oxey,2
User854 Name,user854,user854@example.com,vcdYUo@S2PYr,2
User855 Name,user855,user855@example.com,wmd7Y7$5W9A&,3
User856 Name,user856,user856@example.com,Qiqmt&mN1#MX,1
User857 Name,user857,user857@example.com,Ict5O$nXVfIS,2
User858 Name,user858,user858@example.com,Ph58*&1&KN0v,3
User859 Name,user859,user859@example.com,$HqI5KesFNz7,2
User860 Name,user860,user860@example.com,9F0E4Bq$1J1c,1
User861 Name,user861,user861@example.com,3Aw%4EQw9BVy,2
User862 Name,user862,user862@example.com,Ftv0kH6&LY%D,3
User863 Name,user863,user863@example.com,2s6mrQ4@Mv8k,1
User864 Name,user864,user864@example.com,KG7Pya$*Kd78,2
User865 Name,user865,user865@example.com,PdfJtgF7v*De,2
User866 Name,user866,user866@example.com,AspYNX#Bg7zA,1
User867 Name,user867,user867@example.com,u6&qw03PRJGj,1
User868 Name,user868,user868@example.com,i0vi*xCX$AT7,2
User869 Name,user869,user869@example.com,7$jqJobF7&q1,3
User870 Name,user870,user870@example.com,yrz*x3xms5$P,1
User871 Name,user871,user871@example.com,*e@uT@B%1ixW,3
User872 Name,user872,user872@example.com,$qwQCvFo94Ch,2
User873 Name,user873,user873@example.com,PV6Sw1IY7%s*,2
User874 Name,user874,user874@example.com,GGl1ABFT$CZd,3
User875 Name,user875,user875@example.com,BLf&Z4@Ux&d2,2
User876 Name,user876,user876@example.com,P&E6tupTHiJQ,3
User877 Name,user877,user877@example.com,#NDB4Po$vOxZ,1
User878 Name,user878,user878@example.com,W##A1o99Bv6%,1
User879 Name,user879,user879@example.com,eQFoX6$h7IVM,3
User880 Name,user880,user880@example.com,u00C$jW*LJ5M,2
User881 Name,user881,user881@example.com,N*b9SIa2dhNQ,2
User882 Name,user882,user882@example.com,R%e0kWOXWufO,2
User883 Name,user883,user883@example.com,vsYdy*sd$U9J,2
User884 Name,user884,user884@example.com,3grRd$D*kDVO,3
User885 Name,user885,user885@example.com,*8Jw9M@xnl8O,2
User886 Name,user886,user886@example.com,k&cT5hDy&u4z,1
User887 Name,user887,user887@example.com,M$$12#&8ca6H,1
User888 Name,user888,user888@example.com,o7ccH@JYE4un,1
User889 Name,user889,user889@example.com,J9vR6F6Z@Z#b,3
User890 Name,user890,user890@example.com,v&vngGG67wM&,3
User891 Name,user891,user891@example.com,idGX%0N4$sTr,3
User892 Name,user892,user892@example.com,mhfkhnh6*9FE,2
User893 Name,user893,user893@example.com,*mb7Dw*jUDwR,2
User894 Name,user894,user894@example.com,9apbqu@5GRII,2
User895 Name,user895,user895@example.com,37ckbyYy7s@M,1
User896 Name,user896,user896@example.com,O4VXRiJ&tX7o,1
User897 Name,user897,user897@example.com,fVxq&7D1V@VZ,1
User898 Name,user898,user898@example.com,HAH52h23&Jbd,2
User899 Name,user899,user899@example.com,$s91Y88rSeXe,2
User900 Name,user900,user900@example.com,YKNWGz%mn4Aw,2
User901 Name,user901,user901@example.com,5#QO#zVsH*#5,3
User902 Name,user902,user902@example.com,gWgJl0btRv#2,1
User903 Name,user903,user903@example.com,xZaBi@0WISSj,1
User904 Name,user904,user904@example.com,nMO9Dh$s#UUZ,3
User905 Name,user905,user905@example.com,4eSaCAC5u4*8,2
User906 Name,user906,user906@example.com,zVfB19#TWwUp,1
User907 Name,user907,user907@example.com,Rvp4&X4$JAoi,2
User908 Name,user908,user908@example.com,QSdknz7L*Sc#,3
User909 Name,user909,user909@example.com,SkV8#g5j*FWk,2
User910 Name,user910,user910@example.com,7ZaGO1zlXn1$,3
User911 Name,user911,user911@example.com,Bkpr0&G&FCOC,2
User912 Name,user912,user912@example.com,Q@GrpxDI*8dE,2
User913 Name,user913,user913@example.com,xz%X$6HQw3qg,2
User914 Name,user914,user914@example.com,e4xcQbix$WHU,1
User915 Name,user915,user915@example.com,cwhTm3E$UoR8,1
User916 Name,user916,user916@example.com,yQp%lMAIHK54,2
User917 Name,user917,user917@example.com,VTf*q%68&NSJ,1
User918 Name,user918,user918@example.com,$sjO6C9i7Q87,1
User919 Name,user919,user919@example.com,t7M@jSH01dfR,3
User920 Name,user920,user920@example.com,#O3OShw*V0i$,1
User921 Name,user921,user921@example.com,L@CIHZNQ5FyP,1
User922 Name,user922,user922@example.com,&fdFx$@21kiI,1
User923 Name,user923,user923@example.com,496Mnf1G%WAs,2
User924 Name,user924,user924@example.com,rQ2XE$Za%9p4,2
User925 Name,user925,user925@example.com,h1aJc&e*2tnU,3
User926 Name,user926,user926@example.com,T9vyy0cdDD#F,1
User927 Name,user927,user927@example.com,QE6eydX8lJ%b,2
User928 Name,user928,user928@example.com,ifsZAyy7&$*V,2
User929 Name,user929,user929@example.com,e3*%n&pa3TNv,1
User930 Name,user930,user930@example.com,Q$i#Y6btkHi0,1
User931 Name,user931,user931@example.com,meL%AahTB3HI,3
User932 Name,user932,user932@example.com,df3FBTb@tIOF,1
User933 Name,user933,user933@example.com,TAStcum4#H51,1
User934 Name,user934,user934@example.com,W#MNu6FtJg#u,2
User935 Name,user935,user935@example.com,7sWt*@4mveBR,1
User936 Name,user936,user936@example.com,&k2kT7PS&x4A,3
User937 Name,user937,user937@example.com,2**F4JOajrIW,2
User938 Name,user938,user938@example.com,w50OnBtLAL#Z,2
User939 Name,user939,user939@example.com,sz6QKb#nZrYe,1
User940 Name,user940,user940@example.com,%tdJ9r4bSv%P,2
User941 Name,user941,user941@example.com,#B@u6TSdTlwc,2
User942 Name,user942,user942@example.com,l&zmjfhJe$5K,1
User943 Name,user943,user943@example.com,vS9Vox@Idk1l,1
User944 Name,user944,user944@example.com,iE6eFI*#ma5B,1
User945 Name,user945,user945@example.com,$m0EZTXD3On8,2
User946 Name,user946,user946@example.com,70qN%YVd&14*,3
User947 Name,user947,user947@example.com,GBatzP108*hG,2
User948 Name,user948,user948@example.com,yb9jbiT@HtU3,2
User949 Name,user949,user949@example.com,EJrx&Q9&X8GL,1
User950 Name,user950,user950@example.com,yrDaA$n45crX,1
User951 Name,user951,user951@example.com,0Xa9a9$czrL@,2
User952 Name,user952,user952@example.com,1JDFuX*1a@Pb,1
User953 Name,user953,user953@example.com,baETd5p4p#kG,3
User954 Name,user954,user954@example.com,UYZk1r0c$T7R,2
User955 Name,user955,user955@example.com,9T*9oFeT$pT8,3
User956 Name,user956,user956@example.com,5i3k$yj815tG,3
User957 Name,user957,user957@example.com,2LP8@p$wenqP,3
User958 Name,user958,user958@example.com,f72Mu622PRc@,1
User959 Name,user959,user959@example.com,N$JRir%n2dEi,1
User960 Name,user960,user960@example.com,jJQb*Z2c&i@9,3
User961 Name,user961,user961@example.com,HlR%H9k5h5%8,2
User962 Name,user962,user962@example.com,83I2@oP8wrgd,3
User963 Name,user963,user963@example.com,Jlw1@m7Yth2W,2
User964 Name,user964,user964@example.com,$hP%HO#cSQG5,1
User965 Name,user965,user965@example.com,2z4f&uZ0rw4$,2
User966 Name,user966,user966@example.com,9Dq48@8HAb22,1
User967 Name,user967,user967@example.com,*BI8xICSAN$d,2
User968 Name,user968,user968@example.com,$AH$7prNg4qk,1
User969 Name,user969,user969@example.com,@2FPcMXuc0fb,1
User970 Name,user970,user970@example.com,ci9hWycB#POQ,2
User971 Name,user971,user971@example.com,A*D0*poaUym8,2
User972 Name,user972,user972@example.com,M%A8UIu3#Lq0,2
User973 Name,user973,user973@example.com,@wtw8O$wP5ZY,2
User974 Name,user974,user974@example.com,oX436eDv&nQM,1
User975 Name,user975,user975@example.com,BCvtzf&v3TYM,1
User976 Name,user976,user976@example.com,pFUrl$SnE*W2,1
User977 Name,user977,user977@example.com,gMj9$SgRZpxB,3
User978 Name,user978,user978@example.com,2$C7s0Ji0Huu,2
User979 Name,user979,user979@example.com,tLGDidlG2*Y0,3
User980 Name,user980,user980@example.com,qNzwk6XwbO@Q,3
User981 Name,user981,user981@example.com,@$IYV95#k&yi,2
User982 Name,user982,user982@example.com,iW#sskZ6&WO8,2
User983 Name,user983,user983@example.com,4j*jcBkjIUW*,2
User984 Name,user984,user984@example.com,t4%53tcdV8zn,3
User985 Name,user985,user985@example.com,026IxO3Slf%q,1
User986 Name,user986,user986@example.com,C0r7j$K9ZrLZ,3
User987 Name,user987,user987@example.com,BbR9agLi*UW$,2
User988 Name,user988,user988@example.com,Jm2vKNW2LiA*,2
User989 Name,user989,user989@example.com,#N#3VI34Lg#p,3
User990 Name,user990,user990@example.com,lT5W6CE#%&g0,3
User991 Name,user991,user991@example.com,Su&4X7RPNHnk,3
User992 Name,user992,user992@example.com,8xwhDni#4uCc,2
User993 Name,user993,user993@example.com,0#y7ftVeXIjU,2
User994 Name,user994,user994@example.com,$4DkJ&ZKE0uj,2
User995 Name,user995,user995@example.com,mSruF4%%&y9i,3
User996 Name,user996,user996@example.com,gluAJ9D#R4w4,2
User997 Name,user997,user997@example.com,rH1Fr6JhG1p*,2
User998 Name,user998,user998@example.com,P#pI%hQlv#@6,2
User999 Name,user999,user999@example.com,$CVOF4S@B7h5,2
User1000 Name,user1000,user1000@example.com,nx*VmVAKu79u,2
User1001 Name,user1001,user1001@example.com,PqtLve9#T3YZ,2
User1002 Name,user1002,user1002@example.com,kaRwLSI0uuG@,2
User1003 Name,user1003,user1003@example.com,P9TpVDZLCN%R,3
User1004 Name,user1004,user1004@example.com,#p8fz$Z@6yTn,3
User1005 Name,user1005,user1005@example.com,CE*$wnh3jPqv,3
User1006 Name,user1006,user1006@example.com,W0@bqQoYFuKF,1
User1007 Name,user1007,user1007@example.com,&rPOxVw5u01e,3
User1008 Name,user1008,user1008@example.com,$JjzQ5D3ru&#,1
User1009 Name,user1009,user1009@example.com,05r7hgY39#xe,1
User1010 Name,user1010,user1010@example.com,rbudV%0XDlK2,2
User1011 Name,user1011,user1011@example.com,n5pVH*@pLy59,2
User1012 Name,user1012,user1012@example.com,bwK&y&#p&1aQ,1
User1013 Name,user1013,user1013@example.com,&&I9NBhIvNR#,2
User1014 Name,user1014,user1014@example.com,QQJsRmVo&y7f,1
User1015 Name,user1015,user1015@example.com,F24k&5zW85h@,1
User1016 Name,user1016,user1016@example.com,&uyeMVv7&Nd@,1
User1017 Name,user1017,user1017@example.com,rU#B2NVdwbly,2
User1018 Name,user1018,user1018@example.com,y$hsr0N6q1Ur,2
User1019 Name,user1019,user1019@example.com,W0C8dvL$bMz6,2
User1020 Name,user1020,user1020@example.com,S&ppD7KNR0ji,3
User1021 Name,user1021,user1021@example.com,3Fi6cuDo3oU$,2
User1022 Name,user1022,user1022@example.com,Xnc3LURXoAg#,2
User1023 Name,user1023,user1023@example.com,BSou&pjB2Z0h,1
User1024 Name,user1024,user1024@example.com,TDI2z$W2ovcj,3
User1025 Name,user1025,user1025@example.com,0kDbU3KsF*MX,2
User1026 Name,user1026,user1026@example.com,x4P@mwnR#C#3,2
User1027 Name,user1027,user1027@example.com,e#*M#CP#8kSu,1
User1028 Name,user1028,user1028@example.com,Os$5KsMXV3cr,1
User1029 Name,user1029,user1029@example.com,RkGdO0XnC&6l,1
User1030 Name,user1030,user1030@example.com,HzDP*La2txdq,2
User1031 Name,user1031,user1031@example.com,hSH4e@C7wucU,3
User1032 Name,user1032,user1032@example.com,XQL#dZ$47*zK,2
User1033 Name,user1033,user1033@example.com,s9hX%V6kqZ5D,1
User1034 Name,user1034,user1034@example.com,LA0@iAi@lIO5,1
User1035 Name,user1035,user1035@example.com,u1vgXKq$cih%,3
User1036 Name,user1036,user1036@example.com,%j4L*WGd1TaW,1
User1037 Name,user1037,user1037@example.com,Xp3yo2diJcV@,2
User1038 Name,user1038,user1038@example.com,n2@k&adgMLwv,3
User1039 Name,user1039,user1039@example.com,F9&dY2%3ek1D,1
User1040 Name,user1040,user1040@example.com,dPPar#Cj*38s,3
User1041 Name,user1041,user1041@example.com,#GrY94sl3GPp,2
User1042 Name,user1042,user1042@example.com,us$ok7lHb99X,1
User1043 Name,user1043,user1043@example.com,$TnwzpB00j82,1
User1044 Name,user1044,user1044@example.com,5Z9V#*CnDj8y,3
User1045 Name,user1045,user1045@example.com,c1qdAT44wp&V,3
User1046 Name,user1046,user1046@example.com,*UvnFJS4cw5@,3
User1047 Name,user1047,user1047@example.com,J0Pt5@h2m26i,1
User1048 Name,user1048,user1048@example.com,D4*JtIr58v2H,3
User1049 Name,user1049,user1049@example.com,x6NgN6&M@a7F,2
User1050 Name,user1050,user1050@example.com,r5MdE15Oo$11,2
User1051 Name,user1051,user1051@example.com,Edxl6V%LkNd*,2
User1052 Name,user1052,user1052@example.com,#Z9KtO*5wiZc,2
User1053 Name,user1053,user1053@example.com,O4Y5VmHcl27$,2
User1054 Name,user1054,user1054@example.com,G3g#yFkaJw7K,1
User1055 Name,user1055,user1055@example.com,%H5i*sdK7tIc,2
User1056 Name,user1056,user1056@example.com,0j2GUu&XtlkU,3
User1057 Name,user1057,user1057@example.com,Hmwj3AkgFQ#u,2
User1058 Name,user1058,user1058@example.com,2MmX68sW@pA$,3
User1059 Name,user1059,user1059@example.com,@l6c$YK#JHUW,2
User1060 Name,user1060,user1060@example.com,&YMgX8LOZ22y,2
User1061 Name,user1061,user1061@example.com,l1R$29ba9lgE,3
User1062 Name,user1062,user1062@example.com,VXTVFnpO5cQ&,2
User1063 Name,user1063,user1063@example.com,YAuK%EnBV6B0,3
User1064 Name,user1064,user1064@example.com,U8vVBq4**1HK,2
User1065 Name,user1065,user1065@example.com,MBPCd*$c40zq,1
User1066 Name,user1066,user1066@example.com,NKealP7V$ryw,2
User1067 Name,user1067,user1067@example.com,@ZpkFBJZ%3q*,3
User1068 Name,user1068,user1068@example.com,a%ez2a&0c%5S,1
User1069 Name,user1069,user1069@example.com,HGW4jenLrdk*,2
User1070 Name,user1070,user1070@example.com,73%iiGly@J05,3
User1071 Name,user1071,user1071@example.com,X0Kl5%9i%ADM,1
User1072 Name,user1072,user1072@example.com,&iClSYL*SfR4,2
User1073 Name,user1073,user1073@example.com,7Qdo6Py#@ROW,3
User1074 Name,user1074,user1074@example.com,rEyliMFB@8mT,2
User1075 Name,user1075,user1075@example.com,XCL5lzZKup&F,2
User1076 Name,user1076,user1076@example.com,wHVha#h0nA5j,3
User1077 Name,user1077,user1077@example.com,1ok3#FxS7BNU,2
User1078 Name,user1078,user1078@example.com,X1j3BKUhx*2V,3
User1079 Name,user1079,user1079@example.com,@pH7McsGa#*7,3
User1080 Name,user1080,user1080@example.com,pzBFY9%##Lgh,3
User1081 Name,user1081,user1081@example.com,qpj2H#uUQZn7,2
User1082 Name,user1082,user1082@example.com,40%CiDOY126k,3
User1083 Name,user1083,user1083@example.com,k8%569f#PMPh,3
User1084 Name,user1084,user1084@example.com,V8Uj#EGQgp2U,1
User1085 Name,user1085,user1085@example.com,s4jCT3%%$EPt,1
User1086 Name,user1086,user1086@example.com,5DrkPfU#s%gW,3
User1087 Name,user1087,user1087@example.com,Aaavu2O8U%&l,2
User1088 Name,user1088,user1088@example.com,CTj@X*$X81$t,3
User1089 Name,user1089,user1089@example.com,Bgj27BZHxs$5,2
User1090 Name,user1090,user1090@example.com,2Z%tvsrUW2os,1
User1091 Name,user1091,user1091@example.com,y$CG5UpFJ8QK,3
User1092 Name,user1092,user1092@example.com,2LC6xjOMDl4&,1
User1093 Name,user1093,user1093@example.com,M&m%oYRVv7dq,1
User1094 Name,user1094,user1094@example.com,XVcygvI2Dt$G,1
User1095 Name,user1095,user1095@example.com,MJHj@g1C4i5V,1
User1096 Name,user1096,user1096@example.com,a%xt5QBi0&Pe,2
User1097 Name,user1097,user1097@example.com,m%15v0aAVO%7,2
User1098 Name,user1098,user1098@example.com,k0bMM6E2get*,3
User1099 Name,user1099,user1099@example.com,&PbUO&1zo76p,3
User1100 Name,user1100,user1100@example.com,NN@gu9jAI633,2
User1101 Name,user1101,user1101@example.com,ksKCxt1@m2MQ,3
User1102 Name,user1102,user1102@example.com,SKH&Zu0xWfEC,1
User1103 Name,user1103,user1103@example.com,lYXuP7Is@0@w,3
User1104 Name,user1104,user1104@example.com,c*GtVo1wtB*V,1
User1105 Name,user1105,user1105@example.com,Nsvv8SD9p5b#,1
User1106 Name,user1106,user1106@example.com,vJ52KP7$o8NR,3
User1107 Name,user1107,user1107@example.com,*zUry3nY9aTK,3
User1108 Name,user1108,user1108@example.com,E*3CjT$xoKb2,2
User1109 Name,user1109,user1109@example.com,kdgXiZT1IY#a,1
User1110 Name,user1110,user1110@example.com,&iA6&INX7SWi,1
User1111 Name,user1111,user1111@example.com,i0pRU0xpq9*r,3
User1112 Name,user1112,user1112@example.com,nzB&9aKN&fD4,3
User1113 Name,user1113,user1113@example.com,laD#47Tv9Zw8,1
User1114 Name,user1114,user1114@example.com,guwOZZS7c@b@,3
User1115 Name,user1115,user1115@example.com,VsCHjr@5Er3O,2
User1116 Name,user1116,user1116@example.com,uOmlR7sYI6n&,2
User1117 Name,user1117,user1117@example.com,jq&z$Hz2IlDV,3
User1118 Name,user1118,user1118@example.com,*&LM81pVL7iL,2
User1119 Name,user1119,user1119@example.com,q&twGGD4sU@T,1
User1120 Name,user1120,user1120@example.com,d6N#%M@uew19,3
User1121 Name,user1121,user1121@example.com,mZm9Ts*pMDM5,2
User1122 Name,user1122,user1122@example.com,7X*aDCjqqZ48,1
User1123 Name,user1123,user1123@example.com,8MdmjpY96mu*,1
User1124 Name,user1124,user1124@example.com,pF*V#8$bTq*A,3
User1125 Name,user1125,user1125@example.com,wq5I@akM@qIW,2
User1126 Name,user1126,user1126@example.com,$%dqH#kJ1G6l,1
User1127 Name,user1127,user1127@example.com,9N37tZj*v@qe,1
User1128 Name,user1128,user1128@example.com,rVa*wA@Z2oVn,3
User1129 Name,user1129,user1129@example.com,5qeC*1#wXw8k,2
User1130 Name,user1130,user1130@example.com,cjyMN$YI44sO,1
User1131 Name,user1131,user1131@example.com,l@L1A65K#5ui,1
User1132 Name,user1132,user1132@example.com,Ka3cs0c#YqM2,1
User1133 Name,user1133,user1133@example.com,8u64#IA*hJ7I,2
User1134 Name,user1134,user1134@example.com,o8TH6*qJZS9P,2
User1135 Name,user1135,user1135@example.com,#XjXKY#r0Ad1,3
User1136 Name,user1136,user1136@example.com,%IJMHgye9*3d,2
User1137 Name,user1137,user1137@example.com,#$gQI2UrIJu&,2
User1138 Name,user1138,user1138@example.com,xcm%t50%3VGR,3
User1139 Name,user1139,user1139@example.com,sogH@Aak8g6g,2
User1140 Name,user1140,user1140@example.com,4V&8tLXCh7&m,2
User1141 Name,user1141,user1141@example.com,EF$*7d1ddi4B,2
User1142 Name,user1142,user1142@example.com,*g@Q4ksdajUE,1
User1143 Name,user1143,user1143@example.com,GGHt0AGNb$mQ,2
User1144 Name,user1144,user1144@example.com,o3HFm4*e5vS&,1
User1145 Name,user1145,user1145@example.com,Pq$@zP4mhV98,2
User1146 Name,user1146,user1146@example.com,PWyRF*p&%Qn3,3
User1147 Name,user1147,user1147@example.com,a4ZVJ9#7jTSF,2
User1148 Name,user1148,user1148@example.com,V4U3VM*wPC@8,3
User1149 Name,user1149,user1149@example.com,Nbl*%kJv8G*A,3
User1150 Name,user1150,user1150@example.com,ZgfUT&5UVO*U,3
User1151 Name,user1151,user1151@example.com,4iKkcE&3%fc8,1
User1152 Name,user1152,user1152@example.com,S#zycmTH&3Vf,3
User1153 Name,user1153,user1153@example.com,@vC15&0#cpgn,3
User1154 Name,user1154,user1154@example.com,hO1*7uDw%$ep,3
User1155 Name,user1155,user1155@example.com,A0HJ56W1@heb,1
User1156 Name,user1156,user1156@example.com,csKPRySy%5d@,2
User1157 Name,user1157,user1157@example.com,5R%TzPi%Fyo8,3
User1158 Name,user1158,user1158@example.com,HvxQg@7K6Da%,3
User1159 Name,user1159,user1159@example.com,qF5W@4S4ejOM,1
User1160 Name,user1160,user1160@example.com,k%L1z@02MhJG,2
User1161 Name,user1161,user1161@example.com,Bt1IU7Dn#a%r,3
User1162 Name,user1162,user1162@example.com,wwwKub3@0IeH,2
User1163 Name,user1163,user1163@example.com,8$j$bGZ0xInJ,2
User1164 Name,user1164,user1164@example.com,35QVPeJ0q7%Y,1
User1165 Name,user1165,user1165@example.com,umwx62Y%CpQW,2
User1166 Name,user1166,user1166@example.com,AZfqbq*iR5Y%,3
User1167 Name,user1167,user1167@example.com,YCF4T&8$BoYe,1
User1168 Name,user1168,user1168@example.com,@sJ@mEk8$kbV,2
User1169 Name,user1169,user1169@example.com,%ubV@%G$JL67,2
User1170 Name,user1170,user1170@example.com,&3J6E@ikm1Fm,3
User1171 Name,user1171,user1171@example.com,S@cz&a*7l2#n,3
User1172 Name,user1172,user1172@example.com,dE%qG9etn6m$,2
User1173 Name,user1173,user1173@example.com,M@WpDVA*U2Hd,2
User1174 Name,user1174,user1174@example.com,w91asHR*bYGy,3
User1175 Name,user1175,user1175@example.com,&cgbz7IZe0pa,1
User1176 Name,user1176,user1176@example.com,7Y@GkX*SqEch,3
User1177 Name,user1177,user1177@example.com,*#*j&y1AW%v4,2
User1178 Name,user1178,user1178@example.com,9GxDeXhgx&qR,2
User1179 Name,user1179,user1179@example.com,Cs%PCn0ImYYp,3
User1180 Name,user1180,user1180@example.com,M4rADb1F15#&,3
User1181 Name,user1181,user1181@example.com,nm6LJjSiW&t0,2
User1182 Name,user1182,user1182@example.com,$yE#WN0wZRCf,1
User1183 Name,user1183,user1183@example.com,uG8GOG8gV*Hs,1
User1184 Name,user1184,user1184@example.com,1W%UacM2$M7#,1
User1185 Name,user1185,user1185@example.com,Hf@M50RUOOxY,2
User1186 Name,user1186,user1186@example.com,n$3pPqKJ82ys,1
User1187 Name,user1187,user1187@example.com,K@dQ@1G@Sg*7,1
User1188 Name,user1188,user1188@example.com,fr%lA5$*$K8d,1
User1189 Name,user1189,user1189@example.com,*%xFDo0@YbG@,1
User1190 Name,user1190,user1190@example.com,0W*Fnz16u&V%,2
User1191 Name,user1191,user1191@example.com,M%aVT5x&Z&bF,2
User1192 Name,user1192,user1192@example.com,9w#MmpEsRwxu,1
User1193 Name,user1193,user1193@example.com,BTrz@9xgAz2T,3
User1194 Name,user1194,user1194@example.com,Hy*$Ep71xjPR,1
User1195 Name,user1195,user1195@example.com,6kd@4sWfNFU$,1
User1196 Name,user1196,user1196@example.com,vYnL@3htWD2A,2
User1197 Name,user1197,user1197@example.com,#bfT4Eu7#5ZQ,1
User1198 Name,user1198,user1198@example.com,7HYj3ghS$0Oe,3
User1199 Name,user1199,user1199@example.com,kx8xgE*75b#K,3
User1200 Name,user1200,user1200@example.com,02$QeCU5VVfU,3
User1201 Name,user1201,user1201@example.com,CmzBMM7m@3&k,1
User1202 Name,user1202,user1202@example.com,DT7ASTu%FtLB,2
User1203 Name,user1203,user1203@example.com,wCB%P@v3kQK9,3
User1204 Name,user1204,user1204@example.com,jUz%DV60x5*o,2
User1205 Name,user1205,user1205@example.com,Y2EgMepO1I#0,2
User1206 Name,user1206,user1206@example.com,ctK1lyjU@3YP,1
User1207 Name,user1207,user1207@example.com,hcbeYJ9l$b*N,1
User1208 Name,user1208,user1208@example.com,wb0Y&47YUKEJ,1
User1209 Name,user1209,user1209@example.com,A@DhYM53XzC3,2
User1210 Name,user1210,user1210@example.com,L*914Vl$2CxK,1
User1211 Name,user1211,user1211@example.com,zanGhs54@R0m,3
User1212 Name,user1212,user1212@example.com,hCx5xmV$PD*b,1
User1213 Name,user1213,user1213@example.com,#%7@Ki041hHL,1
User1214 Name,user1214,user1214@example.com,#AGTTzJt4aG1,2
User1215 Name,user1215,user1215@example.com,chI7hSVuch@7,1
User1216 Name,user1216,user1216@example.com,8ds0V0R@1XA#,2
User1217 Name,user1217,user1217@example.com,DA075fUG%Mp$,1
User1218 Name,user1218,user1218@example.com,x$FN4uP*VuWr,2
User1219 Name,user1219,user1219@example.com,6CMdK04*yJEC,2
User1220 Name,user1220,user1220@example.com,5KQ@@ysObr2Q,3
User1221 Name,user1221,user1221@example.com,&RkyfBzI7LsE,2
User1222 Name,user1222,user1222@example.com,58AFCJwc13G&,1
User1223 Name,user1223,user1223@example.com,A@jIy4DmHeMd,3
User1224 Name,user1224,user1224@example.com,3S4N#dv$Q57N,2
User1225 Name,user1225,user1225@example.com,r$ioeHr&$Nt9,3
User1226 Name,user1226,user1226@example.com,E9ruY1bRzn%4,1
User1227 Name,user1227,user1227@example.com,LhB&RA$3fLMo,1
User1228 Name,user1228,user1228@example.com,M5sz86Id%99l,1
User1229 Name,user1229,user1229@example.com,r*#H8k6vYxTq,3
User1230 Name,user1230,user1230@example.com,&N%nhV4oXt5W,2
User1231 Name,user1231,user1231@example.com,UHdNaW6MYm*2,2
User1232 Name,user1232,user1232@example.com,TA%4@mjiya5M,2
User1233 Name,user1233,user1233@example.com,ZtceOK#22w@d,3
User1234 Name,user1234,user1234@example.com,7K8m$FD1b4u5,1
User1235 Name,user1235,user1235@example.com,UG7HiQSiW*Ol,2
User1236 Name,user1236,user1236@example.com,YU*fZ&3F#vj0,1
User1237 Name,user1237,user1237@example.com,y*&jw2A7P56Y,2
User1238 Name,user1238,user1238@example.com,IhU@U5DlPVW$,2
User1239 Name,user1239,user1239@example.com,wOe5KYyM#44I,3
User1240 Name,user1240,user1240@example.com,0T5Tx2&EasS8,2
User1241 Name,user1241,user1241@example.com,cT&x3o#z@pgv,3
User1242 Name,user1242,user1242@example.com,O1Mx@x5xXa*q,2
User1243 Name,user1243,user1243@example.com,oG8$tD@Yvm7s,1
User1244 Name,user1244,user1244@example.com,@aNAtyBGY1Wd,2
User1245 Name,user1245,user1245@example.com,53gh9s$YNcQm,3
User1246 Name,user1246,user1246@example.com,*H6u$D7df#gY,1
User1247 Name,user1247,user1247@example.com,glACF5PM%#Lr,1
User1248 Name,user1248,user1248@example.com,SqR0w970J*wO,2
User1249 Name,user1249,user1249@example.com,sW*dBzT2Rlxk,2
User1250 Name,user1250,user1250@example.com,#UC*5L5YG%Kt,1
User1251 Name,user1251,user1251@example.com,#EP7pFrWE9du,1
User1252 Name,user1252,user1252@example.com,Z3C$HQE3jsA@,3
User1253 Name,user1253,user1253@example.com,rocZEp#ga59y,1
User1254 Name,user1254,user1254@example.com,m5&azdLe8&yg,2
User1255 Name,user1255,user1255@example.com,K&*XuPmWVwZ1,2
User1256 Name,user1256,user1256@example.com,GuehHJ7$q$93,1
User1257 Name,user1257,user1257@example.com,O6wqDT&DrMtt,2
User1258 Name,user1258,user1258@example.com,8&&Bjc5Vo%VH,2
User1259 Name,user1259,user1259@example.com,wVOYO3E@ye$a,3
User1260 Name,user1260,user1260@example.com,gFNAMn1*1J5N,3
User1261 Name,user1261,user1261@example.com,NBh$LRj9h0k1,3
User1262 Name,user1262,user1262@example.com,WH#MC*jNgWf7,2
User1263 Name,user1263,user1263@example.com,8ebaz#T$I&90,3
User1264 Name,user1264,user1264@example.com,Jhp%et$H6odV,3
User1265 Name,user1265,user1265@example.com,92q$4hEvC0pW,1
User1266 Name,user1266,user1266@example.com,l4uWH4xo38Q*,2
User1267 Name,user1267,user1267@example.com,QDKa$e7eqkti,1
User1268 Name,user1268,user1268@example.com,#SVJJepo*T5x,3
User1269 Name,user1269,user1269@example.com,TF8qULeVlz$d,3
User1270 Name,user1270,user1270@example.com,hRWqhV#i6cKo,1
User1271 Name,user1271,user1271@example.com,AS0aFAt#Tbpy,3
User1272 Name,user1272,user1272@example.com,b7uR4JAghQ$p,3
User1273 Name,user1273,user1273@example.com,9buZm7Y*Z*0Y,1
User1274 Name,user1274,user1274@example.com,c#VEyW7u*kx&,2
User1275 Name,user1275,user1275@example.com,96#j3gY%7O@J,3
User1276 Name,user1276,user1276@example.com,dc4es*0w#WO&,2
User1277 Name,user1277,user1277@example.com,clg3T$k0CA#2,2
User1278 Name,user1278,user1278@example.com,*jrRc&aw%6H4,1
User1279 Name,user1279,user1279@example.com,5tg8r76zWw%n,2
User1280 Name,user1280,user1280@example.com,%pt5#ycz3Eij,2
User1281 Name,user1281,user1281@example.com,&p5acL&jw9RV,2
User1282 Name,user1282,user1282@example.com,r8#mMmJTEvz$,2
User1283 Name,user1283,user1283@example.com,1@Bs2a5jWubk,1
User1284 Name,user1284,user1284@example.com,66nlj4*9gR86,3
User1285 Name,user1285,user1285@example.com,aXkK7vX5iDY%,3
User1286 Name,user1286,user1286@example.com,s6KTtO2b&6gW,2
User1287 Name,user1287,user1287@example.com,3eD73rpHL&uZ,3
User1288 Name,user1288,user1288@example.com,%O055GKRjwn#,2
User1289 Name,user1289,user1289@example.com,Z$aJx*sE0z5d,1
User1290 Name,user1290,user1290@example.com,UxX8v%F8#IaP,2
User1291 Name,user1291,user1291@example.com,sX5$Exbdbj1L,2
User1292 Name,user1292,user1292@example.com,KHR#zpg4qrU8,1
User1293 Name,user1293,user1293@example.com,nQSM$CJ@5JUk,3
User1294 Name,user1294,user1294@example.com,#xAVSRf*lGc8,1
User1295 Name,user1295,user1295@example.com,992v#&ft4TuX,3
User1296 Name,user1296,user1296@example.com,y&2FDiu8e*w%,1
User1297 Name,user1297,user1297@example.com,n0nd36WSz4&r,3
User1298 Name,user1298,user1298@example.com,KbcgjMl#3iP7,2
User1299 Name,user1299,user1299@example.com,pA54%n$weCWu,1
User1300 Name,user1300,user1300@example.com,1h09A$qg*$JU,3
User1301 Name,user1301,user1301@example.com,1ZJ8$kfVJkbZ,3
User1302 Name,user1302,user1302@example.com,nNAzVgX5kz8#,2
User1303 Name,user1303,user1303@example.com,71qJzgBc@2OD,3
User1304 Name,user1304,user1304@example.com,MdB8ff&gd%$V,1
User1305 Name,user1305,user1305@example.com,#$sgH8ZUdWBo,2
User1306 Name,user1306,user1306@example.com,sNq54dDkY#wZ,2
User1307 Name,user1307,user1307@example.com,cA0jkmwGj#c&,1
User1308 Name,user1308,user1308@example.com,4#xMeV4It6fK,1
User1309 Name,user1309,user1309@example.com,rbAv7xFM*0Zq,3
User1310 Name,user1310,user1310@example.com,BvwC%p9JJ49q,1
User1311 Name,user1311,user1311@example.com,px*Ed6T%#B6*,3
User1312 Name,user1312,user1312@example.com,88bZ5pu#J$K4,1
User1313 Name,user1313,user1313@example.com,EMN%3gau7pxn,3
User1314 Name,user1314,user1314@example.com,iQv0Mz$3csB5,3
User1315 Name,user1315,user1315@example.com,bvJ1@@7s4wze,3
User1316 Name,user1316,user1316@example.com,ML0YR0&3Ql2j,2
User1317 Name,user1317,user1317@example.com,EdnbM4$$i4Ci,2
User1318 Name,user1318,user1318@example.com,%f%5vpcOvYeq,3
User1319 Name,user1319,user1319@example.com,68C%jq%fqNtm,2
User1320 Name,user1320,user1320@example.com,Jc@9HjBewRv$,2
User1321 Name,user1321,user1321@example.com,s7F8Gpk*1K7D,1
User1322 Name,user1322,user1322@example.com,b5i8uf$&ydqL,3
User1323 Name,user1323,user1323@example.com,c@XSMisyYL1K,2
User1324 Name,user1324,user1324@example.com,d9%$3Gc8cceQ,1
User1325 Name,user1325,user1325@example.com,0a7dCo%G0GhG,3
User1326 Name,user1326,user1326@example.com,ivB2kqw#8QXY,3
User1327 Name,user1327,user1327@example.com,CvI2g1v3&ZqE,3
User1328 Name,user1328,user1328@example.com,g92hJ3#II5Bl,3
User1329 Name,user1329,user1329@example.com,#3DQfGOFpjif,1
User1330 Name,user1330,user1330@example.com,V1u33l*rSMn*,1
User1331 Name,user1331,user1331@example.com,qgjmmwQ5FtV$,3
User1332 Name,user1332,user1332@example.com,27kB%*40u&4w,1
User1333 Name,user1333,user1333@example.com,BrPf$yT@M1uX,3
User1334 Name,user1334,user1334@example.com,&SU6qB%O#tQA,3
User1335 Name,user1335,user1335@example.com,#@7$GcYkU#jK,1
User1336 Name,user1336,user1336@example.com,RrpQr@HV5JEn,2
User1337 Name,user1337,user1337@example.com,wS%X9%p7EvR4,2
User1338 Name,user1338,user1338@example.com,cVfvqmj6&DZ&,3
User1339 Name,user1339,user1339@example.com,cyBay1&mtzDD,3
User1340 Name,user1340,user1340@example.com,vlQ6rAiJ6&Km,3
User1341 Name,user1341,user1341@example.com,wE1y@F@w7cut,1
User1342 Name,user1342,user1342@example.com,Qj&z#68@SzbI,3
User1343 Name,user1343,user1343@example.com,iYpc5q#9mR6*,1
User1344 Name,user1344,user1344@example.com,@f4wD07RnViB,2
User1345 Name,user1345,user1345@example.com,QEZ7ViAoI9Q&,2
User1346 Name,user1346,user1346@example.com,rI*zUZfK92FA,2
User1347 Name,user1347,user1347@example.com,Z41%k$Wy%QYe,3
User1348 Name,user1348,user1348@example.com,5u09G#jS$G8G,3
User1349 Name,user1349,user1349@example.com,h$JtR1knWTCN,2
User1350 Name,user1350,user1350@example.com,I%PWd%BlwZM3,2
User1351 Name,user1351,user1351@example.com,UhNsE#WH%b5t,3
User1352 Name,user1352,user1352@example.com,7sV19wz@QQ@V,1
User1353 Name,user1353,user1353@example.com,&fBkGqGe74uD,3
User1354 Name,user1354,user1354@example.com,TMiul#Os@NN8,1
User1355 Name,user1355,user1355@example.com,M%e2HNLc&&Vz,1
User1356 Name,user1356,user1356@example.com,%P8khej&L5L@,1
User1357 Name,user1357,user1357@example.com,IUd7Sq7P@18E,2
User1358 Name,user1358,user1358@example.com,23MF0y&XDgva,3
User1359 Name,user1359,user1359@example.com,Y#9wz$A&HU6*,3
User1360 Name,user1360,user1360@example.com,vn@oHtUh2ygG,3
User1361 Name,user1361,user1361@example.com,iVY*9r8bAs1@,1
User1362 Name,user1362,user1362@example.com,UaT0Cs%tkK&M,1
User1363 Name,user1363,user1363@example.com,*mnjD#3YZ%zY,3
User1364 Name,user1364,user1364@example.com,Njh%K9$N$t*b,2
User1365 Name,user1365,user1365@example.com,l$DtyR8D$QWk,3
User1366 Name,user1366,user1366@example.com,m8N2&9r1c%QZ,2
User1367 Name,user1367,user1367@example.com,En&2&eHVGrS&,3
User1368 Name,user1368,user1368@example.com,d0vvd80I&Ya*,3
User1369 Name,user1369,user1369@example.com,L$6KjH66QkfS,1
User1370 Name,user1370,user1370@example.com,oC6e$9hHHjh*,1
User1371 Name,user1371,user1371@example.com,C3@fV#RLxFl#,3
User1372 Name,user1372,user1372@example.com,WkrHL%EiB05A,2
User1373 Name,user1373,user1373@example.com,OKIB%uc*d9Y0,2
User1374 Name,user1374,user1374@example.com,2l#m7Dnr7D6g,3
User1375 Name,user1375,user1375@example.com,kdmpT1Fz*WgS,2
User1376 Name,user1376,user1376@example.com,9S$L7cvoJC69,3
User1377 Name,user1377,user1377@example.com,QK4j@wy47F%P,3
User1378 Name,user1378,user1378@example.com,gOIg9&cZMNrJ,1
User1379 Name,user1379,user1379@example.com,o*ThQ6crWXd9,2
User1380 Name,user1380,user1380@example.com,NEmwZAgH9O*9,1
User1381 Name,user1381,user1381@example.com,$I@D1a4lY%9u,3
User1382 Name,user1382,user1382@example.com,#2Jf7n%35xrP,3
User1383 Name,user1383,user1383@example.com,e%X7JeaXxEo7,3
User1384 Name,user1384,user1384@example.com,#dH$1#tBz3nI,1
User1385 Name,user1385,user1385@example.com,izWRaR@mlR65,1
User1386 Name,user1386,user1386@example.com,z@&8PDCUpDP1,3
User1387 Name,user1387,user1387@example.com,C63g5V@hw#NV,3
User1388 Name,user1388,user1388@example.com,hwk@5YDq%F2x,1
User1389 Name,user1389,user1389@example.com,ny424aBa00&u,2
User1390 Name,user1390,user1390@example.com,Vr@JduI1yg#0,2
User1391 Name,user1391,user1391@example.com,f**ztuIK*XZ7,2
User1392 Name,user1392,user1392@example.com,@01JSnFk8ei7,2
User1393 Name,user1393,user1393@example.com,c$xnUL0tXaRt,1
User1394 Name,user1394,user1394@example.com,aHV1XEEsVrL#,1
User1395 Name,user1395,user1395@example.com,Ok&2yKyieYzJ,2
User1396 Name,user1396,user1396@example.com,l5$EWKd7BI&#,3
User1397 Name,user1397,user1397@example.com,rUUDLpxX$91$,3
User1398 Name,user1398,user1398@example.com,*t8E14X1HHU&,2
User1399 Name,user1399,user1399@example.com,B1EZuT5*yuh3,3
User1400 Name,user1400,user1400@example.com,e9C3A0PGi#6P,1
User1401 Name,user1401,user1401@example.com,L1aPQFBfvU&x,3
User1402 Name,user1402,user1402@example.com,gH0R2MKS#JMZ,2
User1403 Name,user1403,user1403@example.com,##fcA7EFUHZ4,3
User1404 Name,user1404,user1404@example.com,wreA5OhJ1P$H,3
User1405 Name,user1405,user1405@example.com,E@H69d*Lbjma,1
User1406 Name,user1406,user1406@example.com,iW8&G4M7K$ZA,1
User1407 Name,user1407,user1407@example.com,Fh*1@PYDzB7%,2
User1408 Name,user1408,user1408@example.com,U%zq#dM7NE6F,1
User1409 Name,user1409,user1409@example.com,l0pJlC1yz0Y%,2
User1410 Name,user1410,user1410@example.com,N$o#pe$%8lgZ,1
User1411 Name,user1411,user1411@example.com,4I%c@9rDil3@,3
User1412 Name,user1412,user1412@example.com,%rqFtH7zM%AL,3
User1413 Name,user1413,user1413@example.com,Cjk18Qlj$rL#,1
User1414 Name,user1414,user1414@example.com,W1wcrqV7tX5&,3
User1415 Name,user1415,user1415@example.com,7J@MU0&#gyZP,1
User1416 Name,user1416,user1416@example.com,PD2TP%J%5#Gn,3
User1417 Name,user1417,user1417@example.com,ubi9j924sD%c,3
User1418 Name,user1418,user1418@example.com,iOzV1IXB$Z6O,2
User1419 Name,user1419,user1419@example.com,T3RI@Lsp4Ekb,2
User1420 Name,user1420,user1420@example.com,s2QkSrm%M9IK,2
User1421 Name,user1421,user1421@example.com,oeRtyB4*7&KC,2
User1422 Name,user1422,user1422@example.com,MCH85X&1kwOg,3
User1423 Name,user1423,user1423@example.com,CT$GuXUQjHZ5,3
User1424 Name,user1424,user1424@example.com,m6@q1D*QkzJm,2
User1425 Name,user1425,user1425@example.com,H12K9@tAB9nT,3
User1426 Name,user1426,user1426@example.com,K%AYpJ44Zuss,3
User1427 Name,user1427,user1427@example.com,MfvLNth@f*m6,2
User1428 Name,user1428,user1428@example.com,i5GTrDkODts%,2
User1429 Name,user1429,user1429@example.com,1fLX@FJ6&5rr,3
User1430 Name,user1430,user1430@example.com,Q@1zF86ed9Fm,1
User1431 Name,user1431,user1431@example.com,*8g3esp$$24B,3
User1432 Name,user1432,user1432@example.com,*d1S@Y#qp3ui,1
User1433 Name,user1433,user1433@example.com,F5bFcgK1C*Gy,1
User1434 Name,user1434,user1434@example.com,eXz$OLy8u3R0,2
User1435 Name,user1435,user1435@example.com,S9#ymTDEZ0sY,2
User1436 Name,user1436,user1436@example.com,V4xf9B7K@ols,3
User1437 Name,user1437,user1437@example.com,CzcBj1wvfrE@,3
User1438 Name,user1438,user1438@example.com,yj5#6KzhDW62,3
User1439 Name,user1439,user1439@example.com,Iq1OlG@1$1iq,3
User1440 Name,user1440,user1440@example.com,MPk$#Qr@P26S,3
User1441 Name,user1441,user1441@example.com,dS5CvWL*Iro9,1
User1442 Name,user1442,user1442@example.com,#M3mgp1Zk&ZO,1
User1443 Name,user1443,user1443@example.com,L@F8yg5tD59y,1
User1444 Name,user1444,user1444@example.com,K1oWFq5F9x8&,1
User1445 Name,user1445,user1445@example.com,s8vtAY$*$CmF,2
User1446 Name,user1446,user1446@example.com,0y@9tGH*I&kB,3
User1447 Name,user1447,user1447@example.com,TrS7pi**K#F9,2
User1448 Name,user1448,user1448@example.com,MU33lNdKn0V@,1
User1449 Name,user1449,user1449@example.com,zJwZ$iyQ8S*I,3
User1450 Name,user1450,user1450@example.com,xXpRFtU8#BOf,1
User1451 Name,user1451,user1451@example.com,v#zJAzEdm2lh,3
User1452 Name,user1452,user1452@example.com,%XQbwio0jDqK,3
User1453 Name,user1453,user1453@example.com,aK6#B1v@8nJa,1
User1454 Name,user1454,user1454@example.com,lBHgxC3Zbvm$,1
User1455 Name,user1455,user1455@example.com,l7RpguV0*X@9,3
User1456 Name,user1456,user1456@example.com,UT2KxpHYB@iJ,1
User1457 Name,user1457,user1457@example.com,zErIa@zybOh3,2
User1458 Name,user1458,user1458@example.com,tq*R21y5VN*K,1
User1459 Name,user1459,user1459@example.com,&@JBkA1yt8cz,2
User1460 Name,user1460,user1460@example.com,VN6#d#jFizP5,2
User1461 Name,user1461,user1461@example.com,aPv7#1&%jgJk,1
User1462 Name,user1462,user1462@example.com,mG9djtDrBm$P,3
User1463 Name,user1463,user1463@example.com,$EKYg5brJhr9,2
User1464 Name,user1464,user1464@example.com,Y03Lvi&a4RGv,3
User1465 Name,user1465,user1465@example.com,2CKRaq7Vx*0o,3
User1466 Name,user1466,user1466@example.com,P6YYdLZ&0$us,3
User1467 Name,user1467,user1467@example.com,2&FgX8q3ks@y,3
User1468 Name,user1468,user1468@example.com,nt9*%Vm13HR2,3
User1469 Name,user1469,user1469@example.com,%bOthYW#I6zl,3
User1470 Name,user1470,user1470@example.com,YO@XbP7u#Pnp,1
User1471 Name,user1471,user1471@example.com,XXnWwhB*w2cW,1
User1472 Name,user1472,user1472@example.com,k%3cl$*AtuMZ,3
User1473 Name,user1473,user1473@example.com,GJofAt02N#xc,1
User1474 Name,user1474,user1474@example.com,z6j&3**&EwT#,3
User1475 Name,user1475,user1475@example.com,s@YjY#RumIH2,2
User1476 Name,user1476,user1476@example.com,WC@Zeg579Tg@,1
User1477 Name,user1477,user1477@example.com,ywS&QN1iNTa3,1
User1478 Name,user1478,user1478@example.com,PHXr&2%uPBu5,1
User1479 Name,user1479,user1479@example.com,U2txro@IEwdD,2
User1480 Name,user1480,user1480@example.com,G4D6Ln$JxklV,1
User1481 Name,user1481,user1481@example.com,C5TJKB$1qliT,3
User1482 Name,user1482,user1482@example.com,slNAv58%o4iY,1
User1483 Name,user1483,user1483@example.com,dJO7tbr*TLO%,3
User1484 Name,user1484,user1484@example.com,U4V@ZqqxB4yX,3
User1485 Name,user1485,user1485@example.com,k$S4uMtn7MaV,1
User1486 Name,user1486,user1486@example.com,kM*w23MUO1@A,1
User1487 Name,user1487,user1487@example.com,K3$1X@uBiM$D,3
User1488 Name,user1488,user1488@example.com,pzcNEBdvO0N*,1
User1489 Name,user1489,user1489@example.com,gpAF00WG%4FZ,3
User1490 Name,user1490,user1490@example.com,@#P*7WkeJg20,1
User1491 Name,user1491,user1491@example.com,pS768W1CnJz&,3
User1492 Name,user1492,user1492@example.com,HxinGk&St40G,2
User1493 Name,user1493,user1493@example.com,yf8cUCnpmV3%,1
User1494 Name,user1494,user1494@example.com,WrvjM#&7wJoY,2
User1495 Name,user1495,user1495@example.com,dCT4@&3J*dru,2
User1496 Name,user1496,user1496@example.com,6qBggS&scOWO,2
User1497 Name,user1497,user1497@example.com,NVu8*e6w0O&#,2
User1498 Name,user1498,user1498@example.com,Hazh$9VmXQ7j,3
User1499 Name,user1499,user1499@example.com,%nKo$2*qQqPY,3
